{
  "type": "FeatureCollection",
  "crs": {
    "type": "name",
    "properties": {
      "name": "EPSG:25833"
    }
  },
  "features": [
    {
      "type": "Feature",
      "geometry": {
        "type": "LineString",
        "coordinates": [
          [
            389823.6406253014,
            5812318.715833622
          ],
          [
            389823.60000000003,
            5812319.2
          ],
          [
            389823.75,
            5812317.350000001
          ],
          [
            389823.85000000003,
            5812315.45
          ],
          [
            389824.0,
            5812313.45
          ],
          [
            389824.10000000003,
            5812311.5
          ],
          [
            389824.25,
            5812309.5
          ],
          [
            389824.4,
            5812307.550000001
          ],
          [
            389824.5,
            5812305.550000001
          ],
          [
            389824.65,
            5812303.600000001
          ],
          [
            389824.80000000005,
            5812301.600000001
          ],
          [
            389824.9,
            5812299.65
          ],
          [
            389825.05000000005,
            5812297.65
          ],
          [
            389825.2,
            5812295.65
          ],
          [
            389825.2,
            5812295.5
          ],
          [
            389825.2453957365,
            5812294.866574373
          ]
        ]
      },
      "properties": {
        "SRC_ID": "BF_DST_000",
        "STAGE": "brownfield",
        "ASSET_TYPE": "trench",
        "INFRA_STATUS": "Existing",
        "VERIFY_STATUS": "Verified",
        "CAPACITY_USED": 0,
        "CAPACITY_TOTAL": 1,
        "POLYGON_ID": "POLY00019",
        "PDP_ID": "PDP00019",
        "MFG_ID": "MFG00001",
        "REUSE_SOURCE": "",
        "trench_type": "distribution",
        "length_m": 24.88
      }
    },
    {
      "type": "Feature",
      "geometry": {
        "type": "LineString",
        "coordinates": [
          [
            389780.5320779994,
            5812439.177597996
          ],
          [
            389781.10000000003,
            5812439.2
          ],
          [
            389782.95,
            5812439.4
          ],
          [
            389784.80000000005,
            5812439.550000001
          ],
          [
            389786.65,
            5812439.7
          ],
          [
            389788.5,
            5812439.850000001
          ],
          [
            389790.35000000003,
            5812440.050000001
          ],
          [
            389792.2,
            5812440.2
          ],
          [
            389794.05000000005,
            5812440.350000001
          ],
          [
            389795.9,
            5812440.5
          ],
          [
            389797.80000000005,
            5812440.65
          ],
          [
            389799.65,
            5812440.850000001
          ],
          [
            389801.5,
            5812441.0
          ],
          [
            389803.35000000003,
            5812441.15
          ],
          [
            389805.2,
            5812441.300000001
          ],
          [
            389806.85000000003,
            5812441.9
          ],
          [
            389808.5,
            5812442.45
          ],
          [
            389810.15,
            5812443.050000001
          ],
          [
            389811.7,
            5812444.2
          ],
          [
            389813.30000000005,
            5812445.350000001
          ],
          [
            389815.2,
            5812443.300000001
          ],
          [
            389815.30000000005,
            5812441.550000001
          ],
          [
            389815.4,
            5812439.75
          ],
          [
            389815.45,
            5812437.95
          ],
          [
            389815.60000000003,
            5812435.300000001
          ],
          [
            389815.75,
            5812433.300000001
          ],
          [
            389815.9,
            5812431.350000001
          ],
          [
            389816.05000000005,
            5812429.350000001
          ],
          [
            389816.15,
            5812427.4
          ],
          [
            389816.30000000005,
            5812425.4
          ],
          [
            389816.45,
            5812423.45
          ],
          [
            389816.55000000005,
            5812421.45
          ],
          [
            389816.62525436445,
            5812420.684215387
          ]
        ]
      },
      "properties": {
        "SRC_ID": "BF_DST_001",
        "STAGE": "brownfield",
        "ASSET_TYPE": "trench",
        "INFRA_STATUS": "Existing",
        "VERIFY_STATUS": "Assumed",
        "CAPACITY_USED": 0,
        "CAPACITY_TOTAL": 1,
        "POLYGON_ID": "POLY00018",
        "PDP_ID": "PDP00018",
        "MFG_ID": "MFG00001",
        "REUSE_SOURCE": "",
        "trench_type": "distribution",
        "length_m": 59.37
      }
    },
    {
      "type": "Feature",
      "geometry": {
        "type": "LineString",
        "coordinates": [
          [
            389810.9367346388,
            5812014.041676405
          ],
          [
            389811.35000000003,
            5812014.100000001
          ],
          [
            389813.35000000003,
            5812014.25
          ],
          [
            389815.30000000005,
            5812014.4
          ],
          [
            389817.25,
            5812014.550000001
          ],
          [
            389819.25,
            5812014.75
          ],
          [
            389821.2,
            5812014.9
          ],
          [
            389823.15,
            5812015.050000001
          ],
          [
            389825.15,
            5812015.2
          ],
          [
            389827.10000000003,
            5812015.350000001
          ],
          [
            389829.05000000005,
            5812015.550000001
          ],
          [
            389831.05000000005,
            5812015.7
          ],
          [
            389833.0,
            5812015.850000001
          ],
          [
            389834.95,
            5812016.0
          ],
          [
            389836.95,
            5812016.2
          ],
          [
            389838.9,
            5812016.350000001
          ],
          [
            389840.85000000003,
            5812016.5
          ],
          [
            389842.55000000005,
            5812016.600000001
          ],
          [
            389844.7,
            5812015.75
          ],
          [
            389844.85000000003,
            5812013.800000001
          ],
          [
            389844.95,
            5812011.800000001
          ],
          [
            389845.10000000003,
            5812009.850000001
          ],
          [
            389845.2,
            5812007.850000001
          ],
          [
            389845.35000000003,
            5812005.850000001
          ],
          [
            389845.45,
            5812003.9
          ],
          [
            389845.60000000003,
            5812001.9
          ],
          [
            389845.7,
            5811999.9
          ],
          [
            389845.7,
            5811999.75
          ],
          [
            389845.85000000003,
            5811997.95
          ],
          [
            389845.95,
            5811995.95
          ],
          [
            389846.10000000003,
            5811994.0
          ],
          [
            389846.03212650516,
            5811994.683802626
          ]
        ]
      },
      "properties": {
        "SRC_ID": "BF_DST_002",
        "STAGE": "brownfield",
        "ASSET_TYPE": "trench",
        "INFRA_STATUS": "Existing",
        "VERIFY_STATUS": "Verified",
        "CAPACITY_USED": 0,
        "CAPACITY_TOTAL": 1,
        "POLYGON_ID": "POLY00027",
        "PDP_ID": "PDP00027",
        "MFG_ID": "MFG00001",
        "REUSE_SOURCE": "",
        "trench_type": "distribution",
        "length_m": 56.52
      }
    },
    {
      "type": "Feature",
      "geometry": {
        "type": "LineString",
        "coordinates": [
          [
            389810.9367346388,
            5812014.041676405
          ],
          [
            389811.35000000003,
            5812014.100000001
          ],
          [
            389813.35000000003,
            5812014.25
          ],
          [
            389815.30000000005,
            5812014.4
          ],
          [
            389817.25,
            5812014.550000001
          ],
          [
            389819.25,
            5812014.75
          ],
          [
            389821.2,
            5812014.9
          ],
          [
            389823.15,
            5812015.050000001
          ],
          [
            389825.15,
            5812015.2
          ],
          [
            389827.10000000003,
            5812015.350000001
          ],
          [
            389829.05000000005,
            5812015.550000001
          ],
          [
            389831.05000000005,
            5812015.7
          ],
          [
            389833.0,
            5812015.850000001
          ],
          [
            389834.95,
            5812016.0
          ],
          [
            389836.95,
            5812016.2
          ],
          [
            389838.9,
            5812016.350000001
          ],
          [
            389840.85000000003,
            5812016.5
          ],
          [
            389842.55000000005,
            5812016.600000001
          ],
          [
            389844.60000000003,
            5812017.75
          ],
          [
            389844.45,
            5812019.7
          ],
          [
            389844.35000000003,
            5812021.7
          ],
          [
            389844.25,
            5812022.75
          ],
          [
            389844.05000000005,
            5812025.600000001
          ],
          [
            389843.95,
            5812027.550000001
          ],
          [
            389843.80000000005,
            5812029.5
          ],
          [
            389843.7,
            5812031.5
          ],
          [
            389843.55000000005,
            5812033.45
          ],
          [
            389843.4,
            5812035.4
          ],
          [
            389843.25,
            5812037.350000001
          ],
          [
            389843.10000000003,
            5812039.350000001
          ],
          [
            389842.95,
            5812041.300000001
          ],
          [
            389842.85000000003,
            5812043.25
          ],
          [
            389842.7,
            5812045.2
          ],
          [
            389842.70366412454,
            5812044.925251718
          ]
        ]
      },
      "properties": {
        "SRC_ID": "BF_DST_003",
        "STAGE": "brownfield",
        "ASSET_TYPE": "trench",
        "INFRA_STATUS": "Existing",
        "VERIFY_STATUS": "Assumed",
        "CAPACITY_USED": 0,
        "CAPACITY_TOTAL": 1,
        "POLYGON_ID": "POLY00027",
        "PDP_ID": "PDP00027",
        "MFG_ID": "MFG00001",
        "REUSE_SOURCE": "",
        "trench_type": "distribution",
        "length_m": 61.86
      }
    },
    {
      "type": "Feature",
      "geometry": {
        "type": "LineString",
        "coordinates": [
          [
            389571.93768140743,
            5811991.437595851
          ],
          [
            389572.60000000003,
            5811991.5
          ],
          [
            389570.65,
            5811991.300000001
          ],
          [
            389568.7,
            5811991.15
          ],
          [
            389566.75,
            5811990.95
          ],
          [
            389565.35000000003,
            5811992.850000001
          ],
          [
            389565.15,
            5811994.75
          ],
          [
            389566.15,
            5811996.9
          ],
          [
            389568.10000000003,
            5811997.100000001
          ],
          [
            389570.10000000003,
            5811997.300000001
          ],
          [
            389572.05000000005,
            5811997.45
          ],
          [
            389574.0,
            5811997.65
          ],
          [
            389575.95,
            5811997.850000001
          ],
          [
            389577.9,
            5811998.050000001
          ],
          [
            389576.96850982105,
            5811997.949212328
          ]
        ]
      },
      "properties": {
        "SRC_ID": "BF_DST_004",
        "STAGE": "brownfield",
        "ASSET_TYPE": "trench",
        "INFRA_STATUS": "Existing",
        "VERIFY_STATUS": "Verified",
        "CAPACITY_USED": 0,
        "CAPACITY_TOTAL": 1,
        "POLYGON_ID": "POLY00029",
        "PDP_ID": "PDP00029",
        "MFG_ID": "MFG00001",
        "REUSE_SOURCE": "",
        "trench_type": "distribution",
        "length_m": 25.93
      }
    },
    {
      "type": "Feature",
      "geometry": {
        "type": "LineString",
        "coordinates": [
          [
            389342.14933838247,
            5811976.759240154
          ],
          [
            389342.25,
            5811976.600000001
          ],
          [
            389343.45,
            5811975.050000001
          ],
          [
            389344.65,
            5811973.45
          ],
          [
            389345.85000000003,
            5811971.9
          ],
          [
            389347.05000000005,
            5811970.300000001
          ],
          [
            389347.4390104827,
            5811969.805055978
          ]
        ]
      },
      "properties": {
        "SRC_ID": "BF_DST_005",
        "STAGE": "brownfield",
        "ASSET_TYPE": "trench",
        "INFRA_STATUS": "Existing",
        "VERIFY_STATUS": "Verified",
        "CAPACITY_USED": 0,
        "CAPACITY_TOTAL": 1,
        "POLYGON_ID": "POLY00008",
        "PDP_ID": "PDP00008",
        "MFG_ID": "MFG00001",
        "REUSE_SOURCE": "",
        "trench_type": "distribution",
        "length_m": 8.74
      }
    },
    {
      "type": "Feature",
      "geometry": {
        "type": "LineString",
        "coordinates": [
          [
            389342.14933838247,
            5811976.759240154
          ],
          [
            389342.25,
            5811976.600000001
          ],
          [
            389341.05000000005,
            5811978.2
          ],
          [
            389339.85000000003,
            5811979.75
          ],
          [
            389338.7,
            5811981.300000001
          ],
          [
            389337.5,
            5811982.9
          ],
          [
            389336.30000000005,
            5811984.45
          ],
          [
            389335.10000000003,
            5811986.050000001
          ],
          [
            389333.9,
            5811987.600000001
          ],
          [
            389332.7,
            5811989.2
          ],
          [
            389331.5,
            5811990.75
          ],
          [
            389330.30000000005,
            5811992.350000001
          ],
          [
            389329.10000000003,
            5811993.9
          ],
          [
            389327.9,
            5811995.5
          ],
          [
            389326.7,
            5811997.050000001
          ],
          [
            389325.5,
            5811998.65
          ],
          [
            389324.30000000005,
            5812000.2
          ],
          [
            389323.10000000003,
            5812001.800000001
          ],
          [
            389321.9,
            5812003.350000001
          ],
          [
            389320.75,
            5812004.9
          ],
          [
            389319.55000000005,
            5812006.5
          ],
          [
            389318.35000000003,
            5812008.050000001
          ],
          [
            389317.15,
            5812009.65
          ],
          [
            389316.7,
            5812010.2
          ],
          [
            389315.95,
            5812011.2
          ],
          [
            389314.75,
            5812012.800000001
          ],
          [
            389313.85000000003,
            5812013.95
          ],
          [
            389312.95,
            5812015.15
          ],
          [
            389311.75,
            5812016.7
          ],
          [
            389310.55000000005,
            5812018.25
          ],
          [
            389309.35000000003,
            5812019.850000001
          ],
          [
            389308.15,
            5812021.4
          ],
          [
            389306.95,
            5812023.0
          ],
          [
            389304.85000000003,
            5812022.5
          ],
          [
            389303.55000000005,
            5812021.5
          ],
          [
            389302.2,
            5812020.45
          ],
          [
            389300.9,
            5812019.45
          ],
          [
            389299.60000000003,
            5812018.45
          ],
          [
            389298.35000000003,
            5812017.45
          ],
          [
            389297.05000000005,
            5812016.45
          ],
          [
            389295.80000000005,
            5812015.45
          ],
          [
            389294.2,
            5812014.25
          ],
          [
            389292.65,
            5812013.050000001
          ],
          [
            389293.2676822349,
            5812013.520838603
          ]
        ]
      },
      "properties": {
        "SRC_ID": "BF_DST_006",
        "STAGE": "brownfield",
        "ASSET_TYPE": "trench",
        "INFRA_STATUS": "Existing",
        "VERIFY_STATUS": "Verified",
        "CAPACITY_USED": 0,
        "CAPACITY_TOTAL": 1,
        "POLYGON_ID": "POLY00008",
        "PDP_ID": "PDP00008",
        "MFG_ID": "MFG00001",
        "REUSE_SOURCE": "",
        "trench_type": "distribution",
        "length_m": 76.86
      }
    },
    {
      "type": "Feature",
      "geometry": {
        "type": "LineString",
        "coordinates": [
          [
            389364.88220447337,
            5811869.6013899995
          ],
          [
            389364.5,
            5811869.4
          ],
          [
            389366.2,
            5811870.350000001
          ],
          [
            389367.95,
            5811871.25
          ],
          [
            389369.7,
            5811872.2
          ],
          [
            389371.4,
            5811873.15
          ],
          [
            389373.15,
            5811874.100000001
          ],
          [
            389374.85000000003,
            5811875.050000001
          ],
          [
            389376.60000000003,
            5811876.0
          ],
          [
            389378.30000000005,
            5811876.95
          ],
          [
            389380.05000000005,
            5811877.9
          ],
          [
            389381.75,
            5811878.800000001
          ],
          [
            389383.5,
            5811879.75
          ],
          [
            389385.25,
            5811880.7
          ],
          [
            389386.95,
            5811881.65
          ],
          [
            389388.7,
            5811882.600000001
          ],
          [
            389390.4,
            5811883.550000001
          ],
          [
            389392.15,
            5811884.5
          ],
          [
            389393.85000000003,
            5811885.4
          ],
          [
            389395.60000000003,
            5811886.350000001
          ],
          [
            389397.30000000005,
            5811887.300000001
          ],
          [
            389399.05000000005,
            5811888.25
          ],
          [
            389400.80000000005,
            5811889.2
          ],
          [
            389402.5,
            5811890.15
          ],
          [
            389404.25,
            5811891.100000001
          ],
          [
            389406.25,
            5811892.5
          ],
          [
            389408.45,
            5811894.15
          ],
          [
            389409.65,
            5811895.2
          ],
          [
            389410.45,
            5811896.850000001
          ],
          [
            389409.25,
            5811898.45
          ],
          [
            389408.05000000005,
            5811900.0
          ],
          [
            389406.9,
            5811901.550000001
          ],
          [
            389405.7,
            5811903.15
          ],
          [
            389404.5,
            5811904.7
          ],
          [
            389403.30000000005,
            5811906.300000001
          ],
          [
            389402.10000000003,
            5811907.850000001
          ],
          [
            389400.9,
            5811909.45
          ],
          [
            389399.7,
            5811911.0
          ],
          [
            389398.5,
            5811912.600000001
          ],
          [
            389397.30000000005,
            5811914.15
          ],
          [
            389396.10000000003,
            5811915.75
          ],
          [
            389395.98925172933,
            5811915.8880634
          ]
        ]
      },
      "properties": {
        "SRC_ID": "BF_DST_007",
        "STAGE": "brownfield",
        "ASSET_TYPE": "trench",
        "INFRA_STATUS": "Existing",
        "VERIFY_STATUS": "Verified",
        "CAPACITY_USED": 0,
        "CAPACITY_TOTAL": 1,
        "POLYGON_ID": "POLY00007",
        "PDP_ID": "PDP00007",
        "MFG_ID": "MFG00001",
        "REUSE_SOURCE": "",
        "trench_type": "distribution",
        "length_m": 78.25
      }
    },
    {
      "type": "Feature",
      "geometry": {
        "type": "LineString",
        "coordinates": [
          [
            389364.88220447337,
            5811869.6013899995
          ],
          [
            389364.5,
            5811869.4
          ],
          [
            389366.2,
            5811870.350000001
          ],
          [
            389367.95,
            5811871.25
          ],
          [
            389369.7,
            5811872.2
          ],
          [
            389371.4,
            5811873.15
          ],
          [
            389373.15,
            5811874.100000001
          ],
          [
            389374.85000000003,
            5811875.050000001
          ],
          [
            389376.60000000003,
            5811876.0
          ],
          [
            389377.14659280726,
            5811876.293856986
          ]
        ]
      },
      "properties": {
        "SRC_ID": "BF_DST_008",
        "STAGE": "brownfield",
        "ASSET_TYPE": "trench",
        "INFRA_STATUS": "Existing",
        "VERIFY_STATUS": "Verified",
        "CAPACITY_USED": 0,
        "CAPACITY_TOTAL": 1,
        "POLYGON_ID": "POLY00007",
        "PDP_ID": "PDP00007",
        "MFG_ID": "MFG00001",
        "REUSE_SOURCE": "",
        "trench_type": "distribution",
        "length_m": 14.84
      }
    },
    {
      "type": "Feature",
      "geometry": {
        "type": "LineString",
        "coordinates": [
          [
            389184.4925916023,
            5811936.837977052
          ],
          [
            389183.80000000005,
            5811936.300000001
          ],
          [
            389185.35000000003,
            5811937.5
          ],
          [
            389186.95,
            5811938.75
          ],
          [
            389186.46556052816,
            5811938.366523273
          ]
        ]
      },
      "properties": {
        "SRC_ID": "BF_DST_009",
        "STAGE": "brownfield",
        "ASSET_TYPE": "trench",
        "INFRA_STATUS": "Existing",
        "VERIFY_STATUS": "Verified",
        "CAPACITY_USED": 0,
        "CAPACITY_TOTAL": 1,
        "POLYGON_ID": "POLY00021",
        "PDP_ID": "PDP00021",
        "MFG_ID": "MFG00001",
        "REUSE_SOURCE": "",
        "trench_type": "distribution",
        "length_m": 5.49
      }
    },
    {
      "type": "Feature",
      "geometry": {
        "type": "LineString",
        "coordinates": [
          [
            389184.4925916023,
            5811936.837977052
          ],
          [
            389183.80000000005,
            5811936.300000001
          ],
          [
            389185.35000000003,
            5811937.5
          ],
          [
            389186.95,
            5811938.75
          ],
          [
            389188.5,
            5811939.95
          ],
          [
            389190.05000000005,
            5811941.15
          ],
          [
            389191.65,
            5811942.4
          ],
          [
            389193.2,
            5811943.600000001
          ],
          [
            389194.80000000005,
            5811944.800000001
          ],
          [
            389196.35000000003,
            5811946.050000001
          ],
          [
            389196.6999037097,
            5811946.295521239
          ]
        ]
      },
      "properties": {
        "SRC_ID": "BF_DST_010",
        "STAGE": "brownfield",
        "ASSET_TYPE": "trench",
        "INFRA_STATUS": "Existing",
        "VERIFY_STATUS": "Verified",
        "CAPACITY_USED": 0,
        "CAPACITY_TOTAL": 1,
        "POLYGON_ID": "POLY00021",
        "PDP_ID": "PDP00021",
        "MFG_ID": "MFG00001",
        "REUSE_SOURCE": "",
        "trench_type": "distribution",
        "length_m": 17.2
      }
    },
    {
      "type": "Feature",
      "geometry": {
        "type": "LineString",
        "coordinates": [
          [
            389745.47802776465,
            5812105.996903182
          ],
          [
            389744.75,
            5812105.95
          ],
          [
            389746.75,
            5812106.100000001
          ],
          [
            389748.7,
            5812106.300000001
          ],
          [
            389750.7,
            5812106.5
          ],
          [
            389752.7,
            5812106.7
          ],
          [
            389754.7,
            5812106.850000001
          ],
          [
            389756.65,
            5812107.050000001
          ],
          [
            389758.65,
            5812107.25
          ],
          [
            389760.65,
            5812107.45
          ],
          [
            389762.65,
            5812107.600000001
          ],
          [
            389764.60000000003,
            5812107.800000001
          ],
          [
            389766.60000000003,
            5812108.0
          ],
          [
            389768.60000000003,
            5812108.2
          ],
          [
            389770.55000000005,
            5812108.350000001
          ],
          [
            389772.55000000005,
            5812108.550000001
          ],
          [
            389774.55000000005,
            5812108.75
          ],
          [
            389774.88863715256,
            5812108.7701250175
          ]
        ]
      },
      "properties": {
        "SRC_ID": "BF_DST_011",
        "STAGE": "brownfield",
        "ASSET_TYPE": "trench",
        "INFRA_STATUS": "Existing",
        "VERIFY_STATUS": "Verified",
        "CAPACITY_USED": 0,
        "CAPACITY_TOTAL": 1,
        "POLYGON_ID": "POLY00001",
        "PDP_ID": "PDP00001",
        "MFG_ID": "MFG00001",
        "REUSE_SOURCE": "",
        "trench_type": "distribution",
        "length_m": 31.0
      }
    },
    {
      "type": "Feature",
      "geometry": {
        "type": "LineString",
        "coordinates": [
          [
            389336.2209758641,
            5812050.5683736345
          ],
          [
            389336.0,
            5812050.550000001
          ],
          [
            389334.05000000005,
            5812050.2
          ],
          [
            389332.10000000003,
            5812049.850000001
          ],
          [
            389330.60000000003,
            5812049.2
          ],
          [
            389329.10000000003,
            5812048.600000001
          ],
          [
            389327.60000000003,
            5812047.95
          ],
          [
            389326.10000000003,
            5812047.350000001
          ],
          [
            389324.80000000005,
            5812046.25
          ],
          [
            389323.45,
            5812045.2
          ],
          [
            389322.15,
            5812044.100000001
          ],
          [
            389320.85000000003,
            5812043.050000001
          ],
          [
            389319.5,
            5812041.95
          ],
          [
            389318.2,
            5812040.9
          ],
          [
            389316.9,
            5812039.850000001
          ],
          [
            389315.60000000003,
            5812038.800000001
          ],
          [
            389314.35000000003,
            5812037.75
          ],
          [
            389313.05000000005,
            5812036.75
          ],
          [
            389311.7,
            5812035.65
          ],
          [
            389310.4,
            5812034.600000001
          ],
          [
            389309.05000000005,
            5812033.5
          ],
          [
            389308.10000000003,
            5812031.350000001
          ],
          [
            389309.35000000003,
            5812029.75
          ],
          [
            389310.55000000005,
            5812028.2
          ],
          [
            389312.85000000003,
            5812028.850000001
          ],
          [
            389314.2,
            5812029.9
          ],
          [
            389315.5,
            5812031.0
          ],
          [
            389316.85000000003,
            5812032.050000001
          ],
          [
            389318.10000000003,
            5812033.100000001
          ],
          [
            389319.4,
            5812034.15
          ],
          [
            389320.7,
            5812035.2
          ],
          [
            389321.95,
            5812036.25
          ],
          [
            389323.4,
            5812037.4
          ],
          [
            389324.85000000003,
            5812038.600000001
          ],
          [
            389326.30000000005,
            5812039.75
          ],
          [
            389327.80000000005,
            5812040.95
          ],
          [
            389329.25,
            5812042.100000001
          ],
          [
            389330.75,
            5812042.75
          ],
          [
            389332.30000000005,
            5812043.4
          ],
          [
            389333.80000000005,
            5812044.050000001
          ],
          [
            389335.7,
            5812044.4
          ],
          [
            389337.65,
            5812044.75
          ],
          [
            389339.55000000005,
            5812045.050000001
          ],
          [
            389341.45,
            5812045.4
          ],
          [
            389343.35000000003,
            5812045.75
          ],
          [
            389345.30000000005,
            5812046.100000001
          ],
          [
            389347.2,
            5812046.45
          ],
          [
            389349.10000000003,
            5812046.800000001
          ],
          [
            389351.0,
            5812047.15
          ],
          [
            389352.95,
            5812047.5
          ],
          [
            389354.85000000003,
            5812047.800000001
          ],
          [
            389356.75,
            5812048.15
          ],
          [
            389358.7,
            5812048.5
          ],
          [
            389360.60000000003,
            5812048.850000001
          ],
          [
            389362.5,
            5812049.2
          ],
          [
            389364.4,
            5812049.550000001
          ],
          [
            389364.89303361345,
            5812049.623220209
          ]
        ]
      },
      "properties": {
        "SRC_ID": "BF_DST_012",
        "STAGE": "brownfield",
        "ASSET_TYPE": "trench",
        "INFRA_STATUS": "Existing",
        "VERIFY_STATUS": "Verified",
        "CAPACITY_USED": 0,
        "CAPACITY_TOTAL": 1,
        "POLYGON_ID": "POLY00011",
        "PDP_ID": "PDP00011",
        "MFG_ID": "MFG00001",
        "REUSE_SOURCE": "",
        "trench_type": "distribution",
        "length_m": 99.01
      }
    },
    {
      "type": "Feature",
      "geometry": {
        "type": "LineString",
        "coordinates": [
          [
            389418.6790982216,
            5812059.289761029
          ],
          [
            389419.15,
            5812059.4
          ],
          [
            389421.15,
            5812059.75
          ],
          [
            389423.10000000003,
            5812060.100000001
          ],
          [
            389425.05000000005,
            5812060.45
          ],
          [
            389427.0,
            5812060.800000001
          ],
          [
            389428.95,
            5812061.15
          ],
          [
            389430.9,
            5812061.5
          ],
          [
            389432.85000000003,
            5812061.850000001
          ],
          [
            389434.85000000003,
            5812062.2
          ],
          [
            389436.80000000005,
            5812062.550000001
          ],
          [
            389438.75,
            5812062.9
          ],
          [
            389440.7,
            5812063.25
          ],
          [
            389442.65,
            5812063.600000001
          ],
          [
            389444.60000000003,
            5812063.95
          ],
          [
            389446.55000000005,
            5812064.300000001
          ],
          [
            389448.55000000005,
            5812064.65
          ],
          [
            389450.5,
            5812065.0
          ],
          [
            389452.45,
            5812065.350000001
          ],
          [
            389454.4,
            5812065.7
          ],
          [
            389456.35000000003,
            5812066.050000001
          ],
          [
            389458.30000000005,
            5812066.4
          ],
          [
            389460.25,
            5812066.75
          ],
          [
            389462.25,
            5812067.100000001
          ],
          [
            389464.2,
            5812067.45
          ],
          [
            389466.15,
            5812067.800000001
          ],
          [
            389468.10000000003,
            5812068.2
          ],
          [
            389470.05000000005,
            5812068.550000001
          ],
          [
            389472.0,
            5812068.9
          ],
          [
            389473.95,
            5812069.300000001
          ],
          [
            389475.9,
            5812069.65
          ],
          [
            389477.85000000003,
            5812070.0
          ],
          [
            389479.80000000005,
            5812070.350000001
          ],
          [
            389481.75,
            5812070.75
          ],
          [
            389483.7,
            5812071.100000001
          ],
          [
            389485.45,
            5812073.350000001
          ],
          [
            389485.10000000003,
            5812075.25
          ],
          [
            389484.80000000005,
            5812077.15
          ],
          [
            389482.60000000003,
            5812077.0
          ],
          [
            389480.65,
            5812076.65
          ],
          [
            389478.7,
            5812076.25
          ],
          [
            389476.75,
            5812075.9
          ],
          [
            389474.80000000005,
            5812075.550000001
          ],
          [
            389472.85000000003,
            5812075.2
          ],
          [
            389470.9,
            5812074.800000001
          ],
          [
            389468.95,
            5812074.45
          ],
          [
            389467.0,
            5812074.100000001
          ],
          [
            389465.10000000003,
            5812073.75
          ],
          [
            389463.10000000003,
            5812073.350000001
          ],
          [
            389461.85000000003,
            5812074.9
          ],
          [
            389461.60000000003,
            5812076.45
          ],
          [
            389461.25,
            5812078.4
          ],
          [
            389460.95,
            5812080.350000001
          ],
          [
            389460.60000000003,
            5812082.300000001
          ],
          [
            389460.25,
            5812084.25
          ],
          [
            389459.9,
            5812086.2
          ],
          [
            389459.60000000003,
            5812088.2
          ],
          [
            389459.25,
            5812090.15
          ],
          [
            389458.9,
            5812092.100000001
          ],
          [
            389458.55000000005,
            5812094.050000001
          ],
          [
            389458.25,
            5812096.0
          ],
          [
            389457.9,
            5812097.95
          ],
          [
            389457.55000000005,
            5812099.9
          ],
          [
            389457.2,
            5812101.850000001
          ],
          [
            389456.9,
            5812103.850000001
          ],
          [
            389456.55000000005,
            5812105.800000001
          ],
          [
            389456.2,
            5812107.75
          ],
          [
            389455.9,
            5812109.7
          ],
          [
            389455.55000000005,
            5812111.65
          ],
          [
            389455.2,
            5812113.600000001
          ],
          [
            389454.85000000003,
            5812115.550000001
          ],
          [
            389454.55000000005,
            5812117.5
          ],
          [
            389454.2,
            5812119.5
          ],
          [
            389453.85000000003,
            5812121.45
          ],
          [
            389453.5,
            5812123.4
          ],
          [
            389453.2,
            5812125.350000001
          ],
          [
            389452.85000000003,
            5812127.300000001
          ],
          [
            389452.5,
            5812129.25
          ],
          [
            389452.15,
            5812131.2
          ],
          [
            389451.85000000003,
            5812133.15
          ],
          [
            389451.8570244185,
            5812133.040407589
          ]
        ]
      },
      "properties": {
        "SRC_ID": "BF_DST_013",
        "STAGE": "brownfield",
        "ASSET_TYPE": "trench",
        "INFRA_STATUS": "Existing",
        "VERIFY_STATUS": "Verified",
        "CAPACITY_USED": 0,
        "CAPACITY_TOTAL": 1,
        "POLYGON_ID": "POLY00015",
        "PDP_ID": "PDP00015",
        "MFG_ID": "MFG00001",
        "REUSE_SOURCE": "",
        "trench_type": "distribution",
        "length_m": 156.05
      }
    },
    {
      "type": "Feature",
      "geometry": {
        "type": "LineString",
        "coordinates": [
          [
            389418.6790982216,
            5812059.289761029
          ],
          [
            389419.15,
            5812059.4
          ],
          [
            389421.15,
            5812059.75
          ],
          [
            389423.10000000003,
            5812060.100000001
          ],
          [
            389425.05000000005,
            5812060.45
          ],
          [
            389427.0,
            5812060.800000001
          ],
          [
            389428.95,
            5812061.15
          ],
          [
            389430.9,
            5812061.5
          ],
          [
            389432.85000000003,
            5812061.850000001
          ],
          [
            389434.85000000003,
            5812062.2
          ],
          [
            389436.80000000005,
            5812062.550000001
          ],
          [
            389438.75,
            5812062.9
          ],
          [
            389440.7,
            5812063.25
          ],
          [
            389442.65,
            5812063.600000001
          ],
          [
            389444.60000000003,
            5812063.95
          ],
          [
            389446.55000000005,
            5812064.300000001
          ],
          [
            389448.55000000005,
            5812064.65
          ],
          [
            389450.5,
            5812065.0
          ],
          [
            389452.45,
            5812065.350000001
          ],
          [
            389454.4,
            5812065.7
          ],
          [
            389456.35000000003,
            5812066.050000001
          ],
          [
            389458.30000000005,
            5812066.4
          ],
          [
            389460.25,
            5812066.75
          ],
          [
            389462.25,
            5812067.100000001
          ],
          [
            389464.2,
            5812067.45
          ],
          [
            389466.15,
            5812067.800000001
          ],
          [
            389468.10000000003,
            5812068.2
          ],
          [
            389470.05000000005,
            5812068.550000001
          ],
          [
            389472.0,
            5812068.9
          ],
          [
            389473.95,
            5812069.300000001
          ],
          [
            389475.9,
            5812069.65
          ],
          [
            389477.85000000003,
            5812070.0
          ],
          [
            389479.80000000005,
            5812070.350000001
          ],
          [
            389481.75,
            5812070.75
          ],
          [
            389483.7,
            5812071.100000001
          ],
          [
            389485.45,
            5812073.350000001
          ],
          [
            389485.10000000003,
            5812075.25
          ],
          [
            389484.80000000005,
            5812077.15
          ],
          [
            389482.60000000003,
            5812077.0
          ],
          [
            389480.65,
            5812076.65
          ],
          [
            389478.7,
            5812076.25
          ],
          [
            389476.75,
            5812075.9
          ],
          [
            389474.80000000005,
            5812075.550000001
          ],
          [
            389472.85000000003,
            5812075.2
          ],
          [
            389470.9,
            5812074.800000001
          ],
          [
            389468.95,
            5812074.45
          ],
          [
            389467.0,
            5812074.100000001
          ],
          [
            389465.10000000003,
            5812073.75
          ],
          [
            389463.10000000003,
            5812073.350000001
          ],
          [
            389462.15,
            5812073.2
          ],
          [
            389461.15,
            5812073.0
          ],
          [
            389459.2,
            5812072.65
          ],
          [
            389457.25,
            5812072.300000001
          ],
          [
            389455.30000000005,
            5812071.95
          ],
          [
            389453.35000000003,
            5812071.600000001
          ],
          [
            389451.4,
            5812071.25
          ],
          [
            389449.4,
            5812070.9
          ],
          [
            389447.45,
            5812070.550000001
          ],
          [
            389445.5,
            5812070.2
          ],
          [
            389443.55000000005,
            5812069.850000001
          ],
          [
            389441.60000000003,
            5812069.5
          ],
          [
            389439.65,
            5812069.15
          ],
          [
            389437.7,
            5812068.800000001
          ],
          [
            389435.7,
            5812068.45
          ],
          [
            389433.75,
            5812068.100000001
          ],
          [
            389431.80000000005,
            5812067.75
          ],
          [
            389429.85000000003,
            5812067.4
          ],
          [
            389427.9,
            5812067.050000001
          ],
          [
            389425.95,
            5812066.7
          ],
          [
            389424.0,
            5812066.350000001
          ],
          [
            389422.05000000005,
            5812066.0
          ],
          [
            389421.6881950436,
            5812065.926700183
          ]
        ]
      },
      "properties": {
        "SRC_ID": "BF_DST_014",
        "STAGE": "brownfield",
        "ASSET_TYPE": "trench",
        "INFRA_STATUS": "Existing",
        "VERIFY_STATUS": "Assumed",
        "CAPACITY_USED": 0,
        "CAPACITY_TOTAL": 1,
        "POLYGON_ID": "POLY00015",
        "PDP_ID": "PDP00015",
        "MFG_ID": "MFG00001",
        "REUSE_SOURCE": "",
        "trench_type": "distribution",
        "length_m": 136.91
      }
    },
    {
      "type": "Feature",
      "geometry": {
        "type": "LineString",
        "coordinates": [
          [
            389544.22744428425,
            5811964.569623091
          ],
          [
            389544.30000000005,
            5811963.65
          ],
          [
            389544.15,
            5811965.600000001
          ],
          [
            389544.0,
            5811967.600000001
          ],
          [
            389543.9,
            5811969.600000001
          ],
          [
            389543.75,
            5811971.550000001
          ],
          [
            389543.60000000003,
            5811973.550000001
          ],
          [
            389543.5,
            5811975.550000001
          ],
          [
            389543.35000000003,
            5811977.5
          ],
          [
            389543.2,
            5811979.5
          ],
          [
            389543.05000000005,
            5811981.5
          ],
          [
            389542.95,
            5811983.45
          ],
          [
            389542.80000000005,
            5811985.45
          ],
          [
            389542.7,
            5811987.0
          ],
          [
            389542.60000000003,
            5811988.550000001
          ],
          [
            389542.45,
            5811990.15
          ],
          [
            389542.49528447393,
            5811989.7957525635
          ]
        ]
      },
      "properties": {
        "SRC_ID": "BF_DST_015",
        "STAGE": "brownfield",
        "ASSET_TYPE": "trench",
        "INFRA_STATUS": "Existing",
        "VERIFY_STATUS": "Assumed",
        "CAPACITY_USED": 0,
        "CAPACITY_TOTAL": 1,
        "POLYGON_ID": "POLY00009",
        "PDP_ID": "PDP00009",
        "MFG_ID": "MFG00001",
        "REUSE_SOURCE": "",
        "trench_type": "distribution",
        "length_m": 27.85
      }
    },
    {
      "type": "Feature",
      "geometry": {
        "type": "LineString",
        "coordinates": [
          [
            389244.0496838256,
            5811847.167746348
          ],
          [
            389243.65,
            5811847.2
          ],
          [
            389241.65,
            5811847.25
          ],
          [
            389239.7,
            5811847.350000001
          ],
          [
            389237.75,
            5811847.45
          ],
          [
            389235.80000000005,
            5811847.550000001
          ],
          [
            389233.9,
            5811847.65
          ],
          [
            389232.0,
            5811847.7
          ],
          [
            389230.10000000003,
            5811847.800000001
          ],
          [
            389228.2,
            5811847.9
          ],
          [
            389226.25,
            5811848.0
          ],
          [
            389224.35000000003,
            5811848.100000001
          ],
          [
            389222.45,
            5811848.2
          ],
          [
            389220.55000000005,
            5811848.300000001
          ],
          [
            389218.65,
            5811848.4
          ],
          [
            389216.75,
            5811848.5
          ],
          [
            389214.80000000005,
            5811848.600000001
          ],
          [
            389212.9,
            5811848.7
          ],
          [
            389211.0,
            5811848.800000001
          ],
          [
            389209.10000000003,
            5811848.9
          ],
          [
            389207.2,
            5811849.0
          ],
          [
            389205.25,
            5811849.100000001
          ],
          [
            389203.35000000003,
            5811849.15
          ],
          [
            389201.45,
            5811849.25
          ],
          [
            389199.55000000005,
            5811849.350000001
          ],
          [
            389197.65,
            5811849.45
          ],
          [
            389195.75,
            5811849.550000001
          ],
          [
            389193.80000000005,
            5811849.65
          ],
          [
            389191.85000000003,
            5811849.75
          ],
          [
            389189.85000000003,
            5811849.850000001
          ],
          [
            389187.85000000003,
            5811849.95
          ],
          [
            389185.85000000003,
            5811850.050000001
          ],
          [
            389183.85000000003,
            5811850.15
          ],
          [
            389181.85000000003,
            5811850.25
          ],
          [
            389179.9,
            5811850.350000001
          ],
          [
            389177.9,
            5811850.45
          ],
          [
            389175.9,
            5811850.550000001
          ],
          [
            389173.9,
            5811850.65
          ],
          [
            389171.9,
            5811850.75
          ],
          [
            389169.95,
            5811850.850000001
          ],
          [
            389167.95,
            5811850.95
          ],
          [
            389165.95,
            5811851.050000001
          ],
          [
            389163.95,
            5811851.15
          ],
          [
            389162.35000000003,
            5811850.850000001
          ],
          [
            389160.80000000005,
            5811850.5
          ],
          [
            389159.2,
            5811850.2
          ],
          [
            389157.65,
            5811849.850000001
          ],
          [
            389156.05000000005,
            5811849.550000001
          ],
          [
            389154.30000000005,
            5811848.75
          ],
          [
            389152.60000000003,
            5811847.9
          ],
          [
            389150.85000000003,
            5811847.100000001
          ],
          [
            389149.10000000003,
            5811846.300000001
          ],
          [
            389147.80000000005,
            5811844.9
          ],
          [
            389146.45,
            5811843.550000001
          ],
          [
            389145.15,
            5811842.15
          ],
          [
            389144.25,
            5811840.95
          ],
          [
            389143.35000000003,
            5811839.7
          ],
          [
            389141.60000000003,
            5811837.300000001
          ],
          [
            389140.75,
            5811835.75
          ],
          [
            389139.95,
            5811834.15
          ],
          [
            389139.7,
            5811831.65
          ],
          [
            389141.45,
            5811830.800000001
          ],
          [
            389143.10000000003,
            5811830.0
          ],
          [
            389145.15,
            5811831.15
          ],
          [
            389145.9,
            5811832.600000001
          ],
          [
            389146.7,
            5811834.100000001
          ],
          [
            389147.7,
            5811835.5
          ],
          [
            389148.75,
            5811836.9
          ],
          [
            389149.75,
            5811838.300000001
          ],
          [
            389151.7,
            5811840.300000001
          ],
          [
            389152.65,
            5811841.350000001
          ],
          [
            389154.45,
            5811842.15
          ],
          [
            389156.2,
            5811843.0
          ],
          [
            389157.95,
            5811843.800000001
          ],
          [
            389159.55000000005,
            5811844.15
          ],
          [
            389161.2,
            5811844.45
          ],
          [
            389162.80000000005,
            5811844.800000001
          ],
          [
            389164.4,
            5811845.100000001
          ],
          [
            389166.35000000003,
            5811845.050000001
          ],
          [
            389168.30000000005,
            5811844.95
          ],
          [
            389170.25,
            5811844.850000001
          ],
          [
            389170.35000000003,
            5811844.850000001
          ],
          [
            389172.15,
            5811844.75
          ],
          [
            389174.10000000003,
            5811844.65
          ],
          [
            389176.05000000005,
            5811844.550000001
          ],
          [
            389178.0,
            5811844.45
          ],
          [
            389179.95,
            5811844.350000001
          ],
          [
            389181.85000000003,
            5811844.25
          ],
          [
            389183.80000000005,
            5811844.15
          ],
          [
            389185.75,
            5811844.050000001
          ],
          [
            389187.7,
            5811843.95
          ],
          [
            389189.65,
            5811843.850000001
          ],
          [
            389191.60000000003,
            5811843.75
          ],
          [
            389193.5,
            5811843.65
          ],
          [
            389195.45,
            5811843.550000001
          ],
          [
            389197.35000000003,
            5811843.45
          ],
          [
            389199.25,
            5811843.350000001
          ],
          [
            389201.15,
            5811843.300000001
          ],
          [
            389203.05000000005,
            5811843.2
          ],
          [
            389205.0,
            5811843.100000001
          ],
          [
            389206.9,
            5811843.0
          ],
          [
            389208.80000000005,
            5811842.9
          ],
          [
            389210.7,
            5811842.800000001
          ],
          [
            389212.60000000003,
            5811842.7
          ],
          [
            389214.5,
            5811842.600000001
          ],
          [
            389213.6970338182,
            5811842.641611834
          ]
        ]
      },
      "properties": {
        "SRC_ID": "BF_DST_016",
        "STAGE": "brownfield",
        "ASSET_TYPE": "trench",
        "INFRA_STATUS": "Existing",
        "VERIFY_STATUS": "Verified",
        "CAPACITY_USED": 0,
        "CAPACITY_TOTAL": 1,
        "POLYGON_ID": "POLY00020",
        "PDP_ID": "PDP00020",
        "MFG_ID": "MFG00001",
        "REUSE_SOURCE": "",
        "trench_type": "distribution",
        "length_m": 196.0
      }
    },
    {
      "type": "Feature",
      "geometry": {
        "type": "LineString",
        "coordinates": [
          [
            389244.0496838256,
            5811847.167746348
          ],
          [
            389243.65,
            5811847.2
          ],
          [
            389241.65,
            5811847.25
          ],
          [
            389239.7,
            5811847.350000001
          ],
          [
            389237.75,
            5811847.45
          ],
          [
            389235.80000000005,
            5811847.550000001
          ],
          [
            389233.9,
            5811847.65
          ],
          [
            389232.0,
            5811847.7
          ],
          [
            389230.10000000003,
            5811847.800000001
          ],
          [
            389229.21540956426,
            5811847.863450725
          ]
        ]
      },
      "properties": {
        "SRC_ID": "BF_DST_017",
        "STAGE": "brownfield",
        "ASSET_TYPE": "trench",
        "INFRA_STATUS": "Existing",
        "VERIFY_STATUS": "Verified",
        "CAPACITY_USED": 0,
        "CAPACITY_TOTAL": 1,
        "POLYGON_ID": "POLY00020",
        "PDP_ID": "PDP00020",
        "MFG_ID": "MFG00001",
        "REUSE_SOURCE": "",
        "trench_type": "distribution",
        "length_m": 14.85
      }
    },
    {
      "type": "Feature",
      "geometry": {
        "type": "LineString",
        "coordinates": [
          [
            389676.813297047,
            5811923.832526155
          ],
          [
            389677.2,
            5811923.850000001
          ],
          [
            389675.2,
            5811923.7
          ],
          [
            389673.25,
            5811923.600000001
          ],
          [
            389671.25,
            5811923.45
          ],
          [
            389669.25,
            5811923.300000001
          ],
          [
            389667.25,
            5811923.15
          ],
          [
            389665.25,
            5811923.050000001
          ],
          [
            389663.25,
            5811922.9
          ],
          [
            389661.25,
            5811922.75
          ],
          [
            389659.30000000005,
            5811922.600000001
          ],
          [
            389657.30000000005,
            5811922.5
          ],
          [
            389655.30000000005,
            5811922.350000001
          ],
          [
            389653.30000000005,
            5811922.2
          ],
          [
            389651.30000000005,
            5811922.050000001
          ],
          [
            389649.30000000005,
            5811921.9
          ],
          [
            389647.30000000005,
            5811921.800000001
          ],
          [
            389645.35000000003,
            5811921.65
          ],
          [
            389643.35000000003,
            5811921.5
          ],
          [
            389641.35000000003,
            5811921.350000001
          ],
          [
            389639.35000000003,
            5811921.25
          ],
          [
            389637.35000000003,
            5811921.100000001
          ],
          [
            389635.35000000003,
            5811920.95
          ],
          [
            389633.35000000003,
            5811920.800000001
          ],
          [
            389631.4,
            5811920.7
          ],
          [
            389629.4,
            5811920.550000001
          ],
          [
            389627.4,
            5811920.4
          ],
          [
            389625.4,
            5811920.25
          ],
          [
            389623.4,
            5811920.100000001
          ],
          [
            389621.4,
            5811920.0
          ],
          [
            389619.4,
            5811919.850000001
          ],
          [
            389617.45,
            5811919.7
          ],
          [
            389615.45,
            5811919.550000001
          ],
          [
            389613.45,
            5811919.45
          ],
          [
            389611.45,
            5811919.300000001
          ],
          [
            389609.45,
            5811919.15
          ],
          [
            389607.45,
            5811919.0
          ],
          [
            389605.5,
            5811918.9
          ],
          [
            389603.5,
            5811918.75
          ],
          [
            389601.5,
            5811918.600000001
          ],
          [
            389599.5,
            5811918.45
          ],
          [
            389597.5,
            5811918.300000001
          ],
          [
            389595.5,
            5811918.2
          ],
          [
            389593.5,
            5811918.050000001
          ],
          [
            389591.55000000005,
            5811917.9
          ],
          [
            389589.55000000005,
            5811917.75
          ],
          [
            389587.55000000005,
            5811917.65
          ],
          [
            389585.55000000005,
            5811917.5
          ],
          [
            389583.55000000005,
            5811917.350000001
          ],
          [
            389581.55000000005,
            5811917.2
          ],
          [
            389579.55000000005,
            5811917.100000001
          ],
          [
            389577.60000000003,
            5811916.95
          ],
          [
            389575.60000000003,
            5811916.800000001
          ],
          [
            389573.60000000003,
            5811916.65
          ],
          [
            389571.60000000003,
            5811916.5
          ],
          [
            389570.75,
            5811914.15
          ],
          [
            389570.85000000003,
            5811912.25
          ],
          [
            389572.0,
            5811910.550000001
          ],
          [
            389574.0,
            5811910.65
          ],
          [
            389576.0,
            5811910.800000001
          ],
          [
            389578.0,
            5811910.95
          ],
          [
            389580.0,
            5811911.100000001
          ],
          [
            389582.0,
            5811911.25
          ],
          [
            389583.95,
            5811911.350000001
          ],
          [
            389585.95,
            5811911.5
          ],
          [
            389587.95,
            5811911.65
          ],
          [
            389589.95,
            5811911.800000001
          ],
          [
            389591.95,
            5811911.9
          ],
          [
            389593.95,
            5811912.050000001
          ],
          [
            389595.95,
            5811912.2
          ],
          [
            389597.9,
            5811912.350000001
          ],
          [
            389599.9,
            5811912.45
          ],
          [
            389601.9,
            5811912.600000001
          ],
          [
            389603.9,
            5811912.75
          ],
          [
            389605.9,
            5811912.9
          ],
          [
            389607.9,
            5811913.050000001
          ],
          [
            389609.9,
            5811913.15
          ],
          [
            389611.85000000003,
            5811913.300000001
          ],
          [
            389613.85000000003,
            5811913.45
          ],
          [
            389615.85000000003,
            5811913.600000001
          ],
          [
            389617.85000000003,
            5811913.7
          ],
          [
            389619.85000000003,
            5811913.850000001
          ],
          [
            389621.85000000003,
            5811914.0
          ],
          [
            389623.85000000003,
            5811914.15
          ],
          [
            389625.80000000005,
            5811914.25
          ],
          [
            389627.80000000005,
            5811914.4
          ],
          [
            389629.80000000005,
            5811914.550000001
          ],
          [
            389631.80000000005,
            5811914.7
          ],
          [
            389633.80000000005,
            5811914.850000001
          ],
          [
            389635.80000000005,
            5811914.95
          ],
          [
            389637.75,
            5811915.100000001
          ],
          [
            389639.75,
            5811915.25
          ],
          [
            389641.75,
            5811915.4
          ],
          [
            389643.75,
            5811915.5
          ],
          [
            389645.75,
            5811915.65
          ],
          [
            389647.75,
            5811915.800000001
          ],
          [
            389649.75,
            5811915.95
          ],
          [
            389651.7,
            5811916.050000001
          ],
          [
            389653.7,
            5811916.2
          ],
          [
            389655.7,
            5811916.350000001
          ],
          [
            389657.7,
            5811916.5
          ],
          [
            389659.7,
            5811916.65
          ],
          [
            389661.7,
            5811916.75
          ],
          [
            389663.7,
            5811916.9
          ],
          [
            389665.65,
            5811917.050000001
          ],
          [
            389667.65,
            5811917.2
          ],
          [
            389669.65,
            5811917.300000001
          ],
          [
            389671.65,
            5811917.45
          ],
          [
            389673.65,
            5811917.600000001
          ],
          [
            389675.65,
            5811917.75
          ],
          [
            389676.2523186959,
            5811917.77907486
          ]
        ]
      },
      "properties": {
        "SRC_ID": "BF_DST_018",
        "STAGE": "brownfield",
        "ASSET_TYPE": "trench",
        "INFRA_STATUS": "Existing",
        "VERIFY_STATUS": "Verified",
        "CAPACITY_USED": 0,
        "CAPACITY_TOTAL": 1,
        "POLYGON_ID": "POLY00025",
        "PDP_ID": "PDP00025",
        "MFG_ID": "MFG00001",
        "REUSE_SOURCE": "",
        "trench_type": "distribution",
        "length_m": 217.21
      }
    },
    {
      "type": "Feature",
      "geometry": {
        "type": "LineString",
        "coordinates": [
          [
            389676.813297047,
            5811923.832526155
          ],
          [
            389677.2,
            5811923.850000001
          ],
          [
            389679.2,
            5811924.0
          ],
          [
            389681.2,
            5811924.15
          ],
          [
            389683.2,
            5811924.300000001
          ],
          [
            389685.2,
            5811924.4
          ],
          [
            389687.2,
            5811924.550000001
          ],
          [
            389689.15,
            5811924.7
          ],
          [
            389691.15,
            5811924.850000001
          ],
          [
            389693.15,
            5811924.95
          ],
          [
            389695.15,
            5811925.100000001
          ],
          [
            389697.15,
            5811925.25
          ],
          [
            389699.15,
            5811925.4
          ],
          [
            389701.10000000003,
            5811925.5
          ],
          [
            389703.10000000003,
            5811925.65
          ],
          [
            389705.10000000003,
            5811925.800000001
          ],
          [
            389707.10000000003,
            5811925.95
          ],
          [
            389709.10000000003,
            5811926.100000001
          ],
          [
            389711.10000000003,
            5811926.2
          ],
          [
            389711.7548341217,
            5811926.260629903
          ]
        ]
      },
      "properties": {
        "SRC_ID": "BF_DST_019",
        "STAGE": "brownfield",
        "ASSET_TYPE": "trench",
        "INFRA_STATUS": "Existing",
        "VERIFY_STATUS": "Verified",
        "CAPACITY_USED": 0,
        "CAPACITY_TOTAL": 1,
        "POLYGON_ID": "POLY00025",
        "PDP_ID": "PDP00025",
        "MFG_ID": "MFG00001",
        "REUSE_SOURCE": "",
        "trench_type": "distribution",
        "length_m": 35.03
      }
    },
    {
      "type": "Feature",
      "geometry": {
        "type": "LineString",
        "coordinates": [
          [
            389715.75247696054,
            5811807.39628202
          ],
          [
            389715.15,
            5811807.350000001
          ],
          [
            389713.15,
            5811807.2
          ],
          [
            389711.15,
            5811807.050000001
          ],
          [
            389709.15,
            5811806.95
          ],
          [
            389707.15,
            5811806.800000001
          ],
          [
            389705.2,
            5811806.65
          ],
          [
            389703.2,
            5811806.5
          ],
          [
            389701.2,
            5811806.350000001
          ],
          [
            389699.2,
            5811806.2
          ],
          [
            389697.2,
            5811806.050000001
          ],
          [
            389697.843396058,
            5811806.116360661
          ]
        ]
      },
      "properties": {
        "SRC_ID": "BF_DST_020",
        "STAGE": "brownfield",
        "ASSET_TYPE": "trench",
        "INFRA_STATUS": "Existing",
        "VERIFY_STATUS": "Verified",
        "CAPACITY_USED": 0,
        "CAPACITY_TOTAL": 1,
        "POLYGON_ID": "POLY00016",
        "PDP_ID": "PDP00016",
        "MFG_ID": "MFG00001",
        "REUSE_SOURCE": "",
        "trench_type": "distribution",
        "length_m": 19.25
      }
    },
    {
      "type": "Feature",
      "geometry": {
        "type": "LineString",
        "coordinates": [
          [
            389023.7699930702,
            5811886.226500547
          ],
          [
            389023.45,
            5811886.4
          ],
          [
            389025.25,
            5811885.550000001
          ],
          [
            389027.05000000005,
            5811884.7
          ],
          [
            389028.85000000003,
            5811883.800000001
          ],
          [
            389030.65,
            5811882.95
          ],
          [
            389032.45,
            5811882.100000001
          ],
          [
            389034.25,
            5811881.25
          ],
          [
            389036.05000000005,
            5811880.4
          ],
          [
            389037.85000000003,
            5811879.550000001
          ],
          [
            389039.65,
            5811878.7
          ],
          [
            389041.45,
            5811877.850000001
          ],
          [
            389043.25,
            5811877.0
          ],
          [
            389045.05000000005,
            5811876.15
          ],
          [
            389046.85000000003,
            5811875.300000001
          ],
          [
            389048.65,
            5811874.4
          ],
          [
            389050.45,
            5811873.550000001
          ],
          [
            389052.25,
            5811872.7
          ],
          [
            389054.05000000005,
            5811871.850000001
          ],
          [
            389055.85000000003,
            5811871.0
          ],
          [
            389057.65,
            5811870.15
          ],
          [
            389059.45,
            5811869.300000001
          ],
          [
            389061.25,
            5811868.45
          ],
          [
            389063.05000000005,
            5811867.600000001
          ],
          [
            389064.85000000003,
            5811866.75
          ],
          [
            389066.65,
            5811865.850000001
          ],
          [
            389068.45,
            5811865.0
          ],
          [
            389070.25,
            5811864.15
          ],
          [
            389072.05000000005,
            5811863.300000001
          ],
          [
            389073.85000000003,
            5811862.45
          ],
          [
            389075.65,
            5811861.600000001
          ],
          [
            389077.4,
            5811860.75
          ],
          [
            389079.15,
            5811859.95
          ],
          [
            389080.9,
            5811859.100000001
          ],
          [
            389082.7,
            5811858.25
          ],
          [
            389084.10000000003,
            5811859.2
          ],
          [
            389085.5,
            5811860.2
          ],
          [
            389086.85000000003,
            5811861.25
          ],
          [
            389088.25,
            5811862.300000001
          ],
          [
            389089.60000000003,
            5811863.300000001
          ],
          [
            389091.2,
            5811864.550000001
          ],
          [
            389092.75,
            5811865.75
          ],
          [
            389094.30000000005,
            5811866.95
          ],
          [
            389095.9,
            5811868.2
          ],
          [
            389097.25,
            5811869.25
          ],
          [
            389099.0,
            5811870.600000001
          ],
          [
            389100.60000000003,
            5811871.850000001
          ],
          [
            389102.15,
            5811873.050000001
          ],
          [
            389103.75,
            5811874.25
          ],
          [
            389105.30000000005,
            5811875.5
          ],
          [
            389106.85000000003,
            5811876.7
          ],
          [
            389108.45,
            5811877.9
          ],
          [
            389110.0,
            5811879.15
          ],
          [
            389111.60000000003,
            5811880.350000001
          ],
          [
            389113.15,
            5811881.550000001
          ],
          [
            389114.7,
            5811882.800000001
          ],
          [
            389116.30000000005,
            5811884.0
          ],
          [
            389117.85000000003,
            5811885.2
          ],
          [
            389119.45,
            5811886.45
          ],
          [
            389121.0,
            5811887.65
          ],
          [
            389122.55000000005,
            5811888.850000001
          ],
          [
            389124.15,
            5811890.100000001
          ],
          [
            389125.7,
            5811891.300000001
          ],
          [
            389127.30000000005,
            5811892.5
          ],
          [
            389128.85000000003,
            5811893.75
          ],
          [
            389130.4,
            5811894.95
          ],
          [
            389132.0,
            5811896.15
          ],
          [
            389133.55000000005,
            5811897.4
          ],
          [
            389135.15,
            5811898.600000001
          ],
          [
            389136.7,
            5811899.800000001
          ],
          [
            389138.25,
            5811901.050000001
          ],
          [
            389139.85000000003,
            5811902.25
          ],
          [
            389141.4,
            5811903.45
          ],
          [
            389143.0,
            5811904.7
          ],
          [
            389144.55000000005,
            5811905.9
          ],
          [
            389146.10000000003,
            5811907.100000001
          ],
          [
            389147.7,
            5811908.300000001
          ],
          [
            389149.25,
            5811909.550000001
          ],
          [
            389149.6465238173,
            5811909.841188329
          ]
        ]
      },
      "properties": {
        "SRC_ID": "BF_DST_021",
        "STAGE": "brownfield",
        "ASSET_TYPE": "trench",
        "INFRA_STATUS": "Existing",
        "VERIFY_STATUS": "Verified",
        "CAPACITY_USED": 0,
        "CAPACITY_TOTAL": 1,
        "POLYGON_ID": "POLY00004",
        "PDP_ID": "PDP00004",
        "MFG_ID": "MFG00001",
        "REUSE_SOURCE": "",
        "trench_type": "distribution",
        "length_m": 150.49
      }
    },
    {
      "type": "Feature",
      "geometry": {
        "type": "LineString",
        "coordinates": [
          [
            389023.7699930702,
            5811886.226500547
          ],
          [
            389023.45,
            5811886.4
          ],
          [
            389025.25,
            5811885.550000001
          ],
          [
            389027.05000000005,
            5811884.7
          ],
          [
            389028.85000000003,
            5811883.800000001
          ],
          [
            389030.65,
            5811882.95
          ],
          [
            389032.45,
            5811882.100000001
          ],
          [
            389034.25,
            5811881.25
          ],
          [
            389036.05000000005,
            5811880.4
          ],
          [
            389037.85000000003,
            5811879.550000001
          ],
          [
            389039.65,
            5811878.7
          ],
          [
            389041.45,
            5811877.850000001
          ],
          [
            389043.25,
            5811877.0
          ],
          [
            389045.05000000005,
            5811876.15
          ],
          [
            389044.49165892974,
            5811876.386253822
          ]
        ]
      },
      "properties": {
        "SRC_ID": "BF_DST_022",
        "STAGE": "brownfield",
        "ASSET_TYPE": "trench",
        "INFRA_STATUS": "Existing",
        "VERIFY_STATUS": "Verified",
        "CAPACITY_USED": 0,
        "CAPACITY_TOTAL": 1,
        "POLYGON_ID": "POLY00004",
        "PDP_ID": "PDP00004",
        "MFG_ID": "MFG00001",
        "REUSE_SOURCE": "",
        "trench_type": "distribution",
        "length_m": 24.88
      }
    },
    {
      "type": "Feature",
      "geometry": {
        "type": "LineString",
        "coordinates": [
          [
            389259.5849185583,
            5811987.425312982
          ],
          [
            389259.7,
            5811987.5
          ],
          [
            389261.25,
            5811988.7
          ],
          [
            389262.80000000005,
            5811989.95
          ],
          [
            389264.4,
            5811991.15
          ],
          [
            389265.95,
            5811992.350000001
          ],
          [
            389267.55000000005,
            5811993.600000001
          ],
          [
            389269.10000000003,
            5811994.800000001
          ],
          [
            389270.65,
            5811996.0
          ],
          [
            389272.25,
            5811997.25
          ],
          [
            389273.80000000005,
            5811998.45
          ],
          [
            389275.4,
            5811999.65
          ],
          [
            389276.95,
            5812000.9
          ],
          [
            389278.5,
            5812002.100000001
          ],
          [
            389280.10000000003,
            5812003.300000001
          ],
          [
            389281.65,
            5812004.550000001
          ],
          [
            389283.25,
            5812005.75
          ],
          [
            389284.80000000005,
            5812006.95
          ],
          [
            389286.35000000003,
            5812008.15
          ],
          [
            389287.95,
            5812009.4
          ],
          [
            389289.5,
            5812010.600000001
          ],
          [
            389291.10000000003,
            5812011.800000001
          ],
          [
            389292.65,
            5812013.050000001
          ],
          [
            389294.2,
            5812014.25
          ],
          [
            389295.80000000005,
            5812015.45
          ],
          [
            389297.05000000005,
            5812016.45
          ],
          [
            389298.35000000003,
            5812017.45
          ],
          [
            389299.60000000003,
            5812018.45
          ],
          [
            389300.9,
            5812019.45
          ],
          [
            389302.2,
            5812020.45
          ],
          [
            389303.55000000005,
            5812021.5
          ],
          [
            389304.85000000003,
            5812022.5
          ],
          [
            389305.80000000005,
            5812024.550000001
          ],
          [
            389304.60000000003,
            5812026.15
          ],
          [
            389303.45,
            5812027.550000001
          ],
          [
            389301.2,
            5812027.25
          ],
          [
            389299.85000000003,
            5812026.2
          ],
          [
            389298.55000000005,
            5812025.2
          ],
          [
            389297.2,
            5812024.15
          ],
          [
            389295.95,
            5812023.2
          ],
          [
            389294.65,
            5812022.2
          ],
          [
            389293.4,
            5812021.2
          ],
          [
            389292.10000000003,
            5812020.2
          ],
          [
            389290.55000000005,
            5812019.0
          ],
          [
            389288.95,
            5812017.800000001
          ],
          [
            389287.4,
            5812016.550000001
          ],
          [
            389285.85000000003,
            5812015.350000001
          ],
          [
            389284.25,
            5812014.15
          ],
          [
            389282.7,
            5812012.9
          ],
          [
            389281.10000000003,
            5812011.7
          ],
          [
            389279.55000000005,
            5812010.5
          ],
          [
            389278.0,
            5812009.25
          ],
          [
            389276.4,
            5812008.050000001
          ],
          [
            389274.85000000003,
            5812006.850000001
          ],
          [
            389273.25,
            5812005.600000001
          ],
          [
            389271.7,
            5812004.4
          ],
          [
            389270.15,
            5812003.2
          ],
          [
            389268.55000000005,
            5812001.95
          ],
          [
            389267.0,
            5812000.75
          ],
          [
            389267.27492323087,
            5812000.973107899
          ]
        ]
      },
      "properties": {
        "SRC_ID": "BF_DST_023",
        "STAGE": "brownfield",
        "ASSET_TYPE": "trench",
        "INFRA_STATUS": "Existing",
        "VERIFY_STATUS": "Assumed",
        "CAPACITY_USED": 0,
        "CAPACITY_TOTAL": 1,
        "POLYGON_ID": "POLY00012",
        "PDP_ID": "PDP00012",
        "MFG_ID": "MFG00001",
        "REUSE_SOURCE": "",
        "trench_type": "distribution",
        "length_m": 109.23
      }
    },
    {
      "type": "Feature",
      "geometry": {
        "type": "LineString",
        "coordinates": [
          [
            389259.5849185583,
            5811987.425312982
          ],
          [
            389259.7,
            5811987.5
          ],
          [
            389258.10000000003,
            5811986.300000001
          ],
          [
            389256.55000000005,
            5811985.050000001
          ],
          [
            389254.95,
            5811983.850000001
          ],
          [
            389253.4,
            5811982.65
          ],
          [
            389251.85000000003,
            5811981.4
          ],
          [
            389251.51163628546,
            5811981.170584409
          ]
        ]
      },
      "properties": {
        "SRC_ID": "BF_DST_024",
        "STAGE": "brownfield",
        "ASSET_TYPE": "trench",
        "INFRA_STATUS": "Existing",
        "VERIFY_STATUS": "Verified",
        "CAPACITY_USED": 0,
        "CAPACITY_TOTAL": 1,
        "POLYGON_ID": "POLY00012",
        "PDP_ID": "PDP00012",
        "MFG_ID": "MFG00001",
        "REUSE_SOURCE": "",
        "trench_type": "distribution",
        "length_m": 10.49
      }
    },
    {
      "type": "Feature",
      "geometry": {
        "type": "LineString",
        "coordinates": [
          [
            389675.570565835,
            5812437.858763999
          ],
          [
            389676.35000000003,
            5812437.95
          ],
          [
            389674.60000000003,
            5812437.75
          ],
          [
            389672.80000000005,
            5812437.550000001
          ],
          [
            389671.0,
            5812437.350000001
          ],
          [
            389669.2,
            5812437.15
          ],
          [
            389667.35000000003,
            5812436.75
          ],
          [
            389665.55000000005,
            5812436.350000001
          ],
          [
            389663.7,
            5812435.95
          ],
          [
            389661.85000000003,
            5812435.550000001
          ],
          [
            389660.35000000003,
            5812434.850000001
          ],
          [
            389658.85000000003,
            5812434.2
          ],
          [
            389657.30000000005,
            5812433.5
          ],
          [
            389655.80000000005,
            5812432.850000001
          ],
          [
            389654.2,
            5812431.800000001
          ],
          [
            389654.4111569708,
            5812431.925689217
          ]
        ]
      },
      "properties": {
        "SRC_ID": "BF_DST_025",
        "STAGE": "brownfield",
        "ASSET_TYPE": "trench",
        "INFRA_STATUS": "Existing",
        "VERIFY_STATUS": "Verified",
        "CAPACITY_USED": 0,
        "CAPACITY_TOTAL": 1,
        "POLYGON_ID": "POLY00030",
        "PDP_ID": "PDP00030",
        "MFG_ID": "MFG00001",
        "REUSE_SOURCE": "",
        "trench_type": "distribution",
        "length_m": 24.29
      }
    },
    {
      "type": "Feature",
      "geometry": {
        "type": "LineString",
        "coordinates": [
          [
            389605.2015274308,
            5811912.84172244
          ],
          [
            389605.9,
            5811912.9
          ],
          [
            389603.9,
            5811912.75
          ],
          [
            389601.9,
            5811912.600000001
          ],
          [
            389599.9,
            5811912.45
          ],
          [
            389597.9,
            5811912.350000001
          ],
          [
            389595.95,
            5811912.2
          ],
          [
            389593.95,
            5811912.050000001
          ],
          [
            389591.95,
            5811911.9
          ],
          [
            389589.95,
            5811911.800000001
          ],
          [
            389587.95,
            5811911.65
          ],
          [
            389585.95,
            5811911.5
          ],
          [
            389583.95,
            5811911.350000001
          ],
          [
            389582.0,
            5811911.25
          ],
          [
            389580.0,
            5811911.100000001
          ],
          [
            389578.0,
            5811910.95
          ],
          [
            389576.0,
            5811910.800000001
          ],
          [
            389574.0,
            5811910.65
          ],
          [
            389572.0,
            5811910.550000001
          ],
          [
            389570.85000000003,
            5811912.25
          ],
          [
            389570.75,
            5811914.15
          ],
          [
            389571.60000000003,
            5811916.5
          ],
          [
            389573.60000000003,
            5811916.65
          ],
          [
            389575.60000000003,
            5811916.800000001
          ],
          [
            389577.60000000003,
            5811916.95
          ],
          [
            389579.55000000005,
            5811917.100000001
          ],
          [
            389581.55000000005,
            5811917.2
          ],
          [
            389583.55000000005,
            5811917.350000001
          ],
          [
            389585.55000000005,
            5811917.5
          ],
          [
            389587.55000000005,
            5811917.65
          ],
          [
            389589.55000000005,
            5811917.75
          ],
          [
            389591.55000000005,
            5811917.9
          ],
          [
            389593.5,
            5811918.050000001
          ],
          [
            389595.5,
            5811918.2
          ],
          [
            389597.5,
            5811918.300000001
          ],
          [
            389599.5,
            5811918.45
          ],
          [
            389601.5,
            5811918.600000001
          ],
          [
            389603.5,
            5811918.75
          ],
          [
            389605.5,
            5811918.9
          ],
          [
            389607.45,
            5811919.0
          ],
          [
            389609.45,
            5811919.15
          ],
          [
            389611.45,
            5811919.300000001
          ],
          [
            389613.45,
            5811919.45
          ],
          [
            389615.45,
            5811919.550000001
          ],
          [
            389617.45,
            5811919.7
          ],
          [
            389619.4,
            5811919.850000001
          ],
          [
            389618.95301972964,
            5811919.811788433
          ]
        ]
      },
      "properties": {
        "SRC_ID": "BF_DST_026",
        "STAGE": "brownfield",
        "ASSET_TYPE": "trench",
        "INFRA_STATUS": "Existing",
        "VERIFY_STATUS": "Verified",
        "CAPACITY_USED": 0,
        "CAPACITY_TOTAL": 1,
        "POLYGON_ID": "POLY00024",
        "PDP_ID": "PDP00024",
        "MFG_ID": "MFG00001",
        "REUSE_SOURCE": "",
        "trench_type": "distribution",
        "length_m": 89.51
      }
    },
    {
      "type": "Feature",
      "geometry": {
        "type": "LineString",
        "coordinates": [
          [
            389766.59677926486,
            5811930.07162231
          ],
          [
            389766.9,
            5811930.100000001
          ],
          [
            389768.9,
            5811930.25
          ],
          [
            389770.85000000003,
            5811930.350000001
          ],
          [
            389772.85000000003,
            5811930.5
          ],
          [
            389774.85000000003,
            5811930.65
          ],
          [
            389776.85000000003,
            5811930.800000001
          ],
          [
            389778.85000000003,
            5811930.9
          ],
          [
            389780.85000000003,
            5811931.050000001
          ],
          [
            389782.80000000005,
            5811931.2
          ],
          [
            389784.80000000005,
            5811931.350000001
          ],
          [
            389786.80000000005,
            5811931.5
          ],
          [
            389788.80000000005,
            5811931.600000001
          ],
          [
            389790.80000000005,
            5811931.75
          ],
          [
            389792.80000000005,
            5811931.9
          ],
          [
            389794.80000000005,
            5811932.050000001
          ],
          [
            389796.75,
            5811932.15
          ],
          [
            389798.75,
            5811932.300000001
          ],
          [
            389800.75,
            5811932.45
          ],
          [
            389802.75,
            5811932.600000001
          ],
          [
            389804.75,
            5811932.7
          ],
          [
            389805.7478937144,
            5811932.792251557
          ]
        ]
      },
      "properties": {
        "SRC_ID": "BF_DST_027",
        "STAGE": "brownfield",
        "ASSET_TYPE": "trench",
        "INFRA_STATUS": "Existing",
        "VERIFY_STATUS": "Verified",
        "CAPACITY_USED": 0,
        "CAPACITY_TOTAL": 1,
        "POLYGON_ID": "POLY00003",
        "PDP_ID": "PDP00003",
        "MFG_ID": "MFG00001",
        "REUSE_SOURCE": "",
        "trench_type": "distribution",
        "length_m": 39.25
      }
    },
    {
      "type": "Feature",
      "geometry": {
        "type": "LineString",
        "coordinates": [
          [
            389766.59677926486,
            5811930.07162231
          ],
          [
            389766.9,
            5811930.100000001
          ],
          [
            389764.9,
            5811929.95
          ],
          [
            389762.9,
            5811929.800000001
          ],
          [
            389760.9,
            5811929.7
          ],
          [
            389758.9,
            5811929.550000001
          ],
          [
            389756.9,
            5811929.4
          ],
          [
            389754.95,
            5811929.25
          ],
          [
            389752.95,
            5811929.100000001
          ],
          [
            389750.95,
            5811929.0
          ],
          [
            389748.95,
            5811928.850000001
          ],
          [
            389746.95,
            5811928.7
          ],
          [
            389744.95,
            5811928.550000001
          ],
          [
            389742.95,
            5811928.45
          ],
          [
            389741.0,
            5811928.300000001
          ],
          [
            389739.0,
            5811928.15
          ],
          [
            389737.0,
            5811928.0
          ],
          [
            389735.0,
            5811927.9
          ],
          [
            389733.0,
            5811927.75
          ],
          [
            389731.0,
            5811927.600000001
          ],
          [
            389730.01473184116,
            5811927.529518732
          ]
        ]
      },
      "properties": {
        "SRC_ID": "BF_DST_028",
        "STAGE": "brownfield",
        "ASSET_TYPE": "trench",
        "INFRA_STATUS": "Existing",
        "VERIFY_STATUS": "Verified",
        "CAPACITY_USED": 0,
        "CAPACITY_TOTAL": 1,
        "POLYGON_ID": "POLY00003",
        "PDP_ID": "PDP00003",
        "MFG_ID": "MFG00001",
        "REUSE_SOURCE": "",
        "trench_type": "distribution",
        "length_m": 37.28
      }
    },
    {
      "type": "Feature",
      "geometry": {
        "type": "LineString",
        "coordinates": [
          [
            389751.1093381687,
            5812008.68431961
          ],
          [
            389750.2,
            5812008.600000001
          ],
          [
            389752.15,
            5812008.800000001
          ],
          [
            389754.15,
            5812009.0
          ],
          [
            389756.10000000003,
            5812009.15
          ],
          [
            389758.10000000003,
            5812009.350000001
          ],
          [
            389760.10000000003,
            5812009.550000001
          ],
          [
            389762.05000000005,
            5812009.75
          ],
          [
            389764.05000000005,
            5812009.95
          ],
          [
            389766.0,
            5812010.100000001
          ],
          [
            389768.0,
            5812010.300000001
          ],
          [
            389770.0,
            5812010.5
          ],
          [
            389771.95,
            5812010.7
          ],
          [
            389773.95,
            5812010.9
          ],
          [
            389775.9,
            5812011.050000001
          ],
          [
            389777.9,
            5812011.25
          ],
          [
            389779.85000000003,
            5812011.45
          ],
          [
            389781.85000000003,
            5812011.65
          ],
          [
            389783.80000000005,
            5812011.800000001
          ],
          [
            389785.80000000005,
            5812011.95
          ],
          [
            389787.75,
            5812012.15
          ],
          [
            389789.7,
            5812012.300000001
          ],
          [
            389791.7,
            5812012.45
          ],
          [
            389793.65,
            5812012.600000001
          ],
          [
            389795.60000000003,
            5812012.800000001
          ],
          [
            389797.60000000003,
            5812012.95
          ],
          [
            389799.55000000005,
            5812013.100000001
          ],
          [
            389801.5,
            5812013.25
          ],
          [
            389803.5,
            5812013.45
          ],
          [
            389805.45,
            5812013.600000001
          ],
          [
            389807.4,
            5812013.75
          ],
          [
            389809.4,
            5812013.9
          ],
          [
            389811.35000000003,
            5812014.100000001
          ],
          [
            389813.35000000003,
            5812014.25
          ],
          [
            389815.30000000005,
            5812014.4
          ],
          [
            389817.25,
            5812014.550000001
          ],
          [
            389819.25,
            5812014.75
          ],
          [
            389821.2,
            5812014.9
          ],
          [
            389823.15,
            5812015.050000001
          ],
          [
            389825.15,
            5812015.2
          ],
          [
            389827.10000000003,
            5812015.350000001
          ],
          [
            389829.05000000005,
            5812015.550000001
          ],
          [
            389831.05000000005,
            5812015.7
          ],
          [
            389833.0,
            5812015.850000001
          ],
          [
            389834.95,
            5812016.0
          ],
          [
            389836.95,
            5812016.2
          ],
          [
            389838.9,
            5812016.350000001
          ],
          [
            389840.85000000003,
            5812016.5
          ],
          [
            389842.55000000005,
            5812016.600000001
          ],
          [
            389844.60000000003,
            5812017.75
          ],
          [
            389844.45,
            5812019.7
          ],
          [
            389844.35000000003,
            5812021.7
          ],
          [
            389842.15,
            5812022.600000001
          ],
          [
            389840.45,
            5812022.5
          ],
          [
            389838.45,
            5812022.350000001
          ],
          [
            389836.5,
            5812022.15
          ],
          [
            389834.55000000005,
            5812022.0
          ],
          [
            389832.55000000005,
            5812021.850000001
          ],
          [
            389830.60000000003,
            5812021.7
          ],
          [
            389828.60000000003,
            5812021.5
          ],
          [
            389826.65,
            5812021.350000001
          ],
          [
            389824.65,
            5812021.2
          ],
          [
            389822.7,
            5812021.050000001
          ],
          [
            389820.75,
            5812020.850000001
          ],
          [
            389818.75,
            5812020.7
          ],
          [
            389816.80000000005,
            5812020.550000001
          ],
          [
            389814.80000000005,
            5812020.4
          ],
          [
            389812.85000000003,
            5812020.2
          ],
          [
            389810.9,
            5812020.050000001
          ],
          [
            389808.9,
            5812019.9
          ],
          [
            389806.95,
            5812019.75
          ],
          [
            389804.95,
            5812019.550000001
          ],
          [
            389803.0,
            5812019.4
          ],
          [
            389801.0,
            5812019.25
          ],
          [
            389799.05000000005,
            5812019.100000001
          ],
          [
            389797.10000000003,
            5812018.9
          ],
          [
            389795.10000000003,
            5812018.75
          ],
          [
            389793.15,
            5812018.600000001
          ],
          [
            389791.15,
            5812018.45
          ],
          [
            389789.2,
            5812018.25
          ],
          [
            389787.25,
            5812018.100000001
          ],
          [
            389785.25,
            5812017.95
          ],
          [
            389783.30000000005,
            5812017.800000001
          ],
          [
            389781.30000000005,
            5812017.600000001
          ],
          [
            389779.35000000003,
            5812017.45
          ],
          [
            389777.35000000003,
            5812017.25
          ],
          [
            389775.4,
            5812017.050000001
          ],
          [
            389773.4,
            5812016.850000001
          ],
          [
            389771.4,
            5812016.65
          ],
          [
            389769.45,
            5812016.5
          ],
          [
            389767.45,
            5812016.300000001
          ],
          [
            389765.5,
            5812016.100000001
          ],
          [
            389763.5,
            5812015.9
          ],
          [
            389761.5,
            5812015.7
          ],
          [
            389759.55000000005,
            5812015.5
          ],
          [
            389757.55000000005,
            5812015.350000001
          ],
          [
            389755.60000000003,
            5812015.15
          ],
          [
            389753.60000000003,
            5812014.95
          ],
          [
            389751.60000000003,
            5812014.75
          ],
          [
            389749.65,
            5812014.550000001
          ],
          [
            389747.65,
            5812014.4
          ],
          [
            389745.7,
            5812014.2
          ],
          [
            389743.7,
            5812014.0
          ],
          [
            389741.7,
            5812013.800000001
          ],
          [
            389742.3478353304,
            5812013.8689220995
          ]
        ]
      },
      "properties": {
        "SRC_ID": "BF_DST_029",
        "STAGE": "brownfield",
        "ASSET_TYPE": "trench",
        "INFRA_STATUS": "Existing",
        "VERIFY_STATUS": "Assumed",
        "CAPACITY_USED": 0,
        "CAPACITY_TOTAL": 1,
        "POLYGON_ID": "POLY00028",
        "PDP_ID": "PDP00028",
        "MFG_ID": "MFG00001",
        "REUSE_SOURCE": "",
        "trench_type": "distribution",
        "length_m": 203.8
      }
    },
    {
      "type": "Feature",
      "geometry": {
        "type": "LineString",
        "coordinates": [
          [
            389751.1093381687,
            5812008.68431961
          ],
          [
            389750.2,
            5812008.600000001
          ],
          [
            389752.15,
            5812008.800000001
          ],
          [
            389754.15,
            5812009.0
          ],
          [
            389756.10000000003,
            5812009.15
          ],
          [
            389758.10000000003,
            5812009.350000001
          ],
          [
            389760.10000000003,
            5812009.550000001
          ],
          [
            389762.05000000005,
            5812009.75
          ],
          [
            389764.05000000005,
            5812009.95
          ],
          [
            389766.0,
            5812010.100000001
          ],
          [
            389768.0,
            5812010.300000001
          ],
          [
            389770.0,
            5812010.5
          ],
          [
            389771.95,
            5812010.7
          ],
          [
            389773.95,
            5812010.9
          ],
          [
            389775.9,
            5812011.050000001
          ],
          [
            389777.9,
            5812011.25
          ],
          [
            389779.85000000003,
            5812011.45
          ],
          [
            389781.85000000003,
            5812011.65
          ],
          [
            389783.80000000005,
            5812011.800000001
          ],
          [
            389785.80000000005,
            5812011.95
          ],
          [
            389787.75,
            5812012.15
          ],
          [
            389789.7,
            5812012.300000001
          ],
          [
            389791.7,
            5812012.45
          ],
          [
            389793.65,
            5812012.600000001
          ],
          [
            389795.60000000003,
            5812012.800000001
          ],
          [
            389797.60000000003,
            5812012.95
          ],
          [
            389799.55000000005,
            5812013.100000001
          ],
          [
            389801.5,
            5812013.25
          ],
          [
            389803.5,
            5812013.45
          ],
          [
            389805.45,
            5812013.600000001
          ],
          [
            389807.4,
            5812013.75
          ],
          [
            389809.4,
            5812013.9
          ],
          [
            389811.35000000003,
            5812014.100000001
          ],
          [
            389813.35000000003,
            5812014.25
          ],
          [
            389815.30000000005,
            5812014.4
          ],
          [
            389817.25,
            5812014.550000001
          ],
          [
            389819.25,
            5812014.75
          ],
          [
            389821.2,
            5812014.9
          ],
          [
            389823.15,
            5812015.050000001
          ],
          [
            389825.15,
            5812015.2
          ],
          [
            389827.10000000003,
            5812015.350000001
          ],
          [
            389829.05000000005,
            5812015.550000001
          ],
          [
            389831.05000000005,
            5812015.7
          ],
          [
            389833.0,
            5812015.850000001
          ],
          [
            389834.95,
            5812016.0
          ],
          [
            389836.95,
            5812016.2
          ],
          [
            389838.9,
            5812016.350000001
          ],
          [
            389840.85000000003,
            5812016.5
          ],
          [
            389842.55000000005,
            5812016.600000001
          ],
          [
            389844.60000000003,
            5812017.75
          ],
          [
            389844.45,
            5812019.7
          ],
          [
            389844.35000000003,
            5812021.7
          ],
          [
            389842.15,
            5812022.600000001
          ],
          [
            389840.45,
            5812022.5
          ],
          [
            389838.45,
            5812022.350000001
          ],
          [
            389836.5,
            5812022.15
          ],
          [
            389834.55000000005,
            5812022.0
          ],
          [
            389832.55000000005,
            5812021.850000001
          ],
          [
            389830.60000000003,
            5812021.7
          ],
          [
            389828.60000000003,
            5812021.5
          ],
          [
            389826.65,
            5812021.350000001
          ],
          [
            389824.65,
            5812021.2
          ],
          [
            389822.7,
            5812021.050000001
          ],
          [
            389820.75,
            5812020.850000001
          ],
          [
            389818.75,
            5812020.7
          ],
          [
            389816.80000000005,
            5812020.550000001
          ],
          [
            389814.80000000005,
            5812020.4
          ],
          [
            389812.85000000003,
            5812020.2
          ],
          [
            389810.9,
            5812020.050000001
          ],
          [
            389808.9,
            5812019.9
          ],
          [
            389806.95,
            5812019.75
          ],
          [
            389804.95,
            5812019.550000001
          ],
          [
            389803.0,
            5812019.4
          ],
          [
            389801.0,
            5812019.25
          ],
          [
            389799.05000000005,
            5812019.100000001
          ],
          [
            389797.10000000003,
            5812018.9
          ],
          [
            389795.10000000003,
            5812018.75
          ],
          [
            389793.15,
            5812018.600000001
          ],
          [
            389791.15,
            5812018.45
          ],
          [
            389789.2,
            5812018.25
          ],
          [
            389787.25,
            5812018.100000001
          ],
          [
            389785.25,
            5812017.95
          ],
          [
            389783.30000000005,
            5812017.800000001
          ],
          [
            389781.30000000005,
            5812017.600000001
          ],
          [
            389781.31581426354,
            5812017.61878551
          ]
        ]
      },
      "properties": {
        "SRC_ID": "BF_DST_030",
        "STAGE": "brownfield",
        "ASSET_TYPE": "trench",
        "INFRA_STATUS": "Existing",
        "VERIFY_STATUS": "Assumed",
        "CAPACITY_USED": 0,
        "CAPACITY_TOTAL": 1,
        "POLYGON_ID": "POLY00028",
        "PDP_ID": "PDP00028",
        "MFG_ID": "MFG00001",
        "REUSE_SOURCE": "",
        "trench_type": "distribution",
        "length_m": 163.39
      }
    },
    {
      "type": "Feature",
      "geometry": {
        "type": "LineString",
        "coordinates": [
          [
            389626.0101326479,
            5812094.917766377
          ],
          [
            389625.30000000005,
            5812094.850000001
          ],
          [
            389627.30000000005,
            5812095.050000001
          ],
          [
            389629.30000000005,
            5812095.2
          ],
          [
            389631.25,
            5812095.4
          ],
          [
            389633.25,
            5812095.550000001
          ],
          [
            389635.25,
            5812095.75
          ],
          [
            389637.25,
            5812095.95
          ],
          [
            389639.2,
            5812096.100000001
          ],
          [
            389639.5287060363,
            5812096.139927215
          ]
        ]
      },
      "properties": {
        "SRC_ID": "BF_DST_031",
        "STAGE": "brownfield",
        "ASSET_TYPE": "trench",
        "INFRA_STATUS": "Existing",
        "VERIFY_STATUS": "Assumed",
        "CAPACITY_USED": 0,
        "CAPACITY_TOTAL": 1,
        "POLYGON_ID": "POLY00002",
        "PDP_ID": "PDP00002",
        "MFG_ID": "MFG00001",
        "REUSE_SOURCE": "",
        "trench_type": "distribution",
        "length_m": 15.0
      }
    },
    {
      "type": "Feature",
      "geometry": {
        "type": "LineString",
        "coordinates": [
          [
            389533.7915715162,
            5812059.35252804
          ],
          [
            389533.7,
            5812059.9
          ],
          [
            389533.5,
            5812061.850000001
          ],
          [
            389533.25,
            5812063.800000001
          ],
          [
            389533.0,
            5812065.7
          ],
          [
            389532.75,
            5812067.65
          ],
          [
            389532.5,
            5812069.600000001
          ],
          [
            389532.25,
            5812071.550000001
          ],
          [
            389532.0,
            5812073.5
          ],
          [
            389531.75,
            5812075.45
          ],
          [
            389531.5,
            5812077.350000001
          ],
          [
            389531.25,
            5812079.300000001
          ],
          [
            389531.05000000005,
            5812081.2
          ],
          [
            389530.80000000005,
            5812083.15
          ],
          [
            389531.25,
            5812086.100000001
          ],
          [
            389529.30000000005,
            5812085.75
          ],
          [
            389527.35000000003,
            5812085.350000001
          ],
          [
            389525.4,
            5812085.0
          ],
          [
            389523.45,
            5812084.65
          ],
          [
            389523.2425572,
            5812084.591702457
          ]
        ]
      },
      "properties": {
        "SRC_ID": "BF_DST_032",
        "STAGE": "brownfield",
        "ASSET_TYPE": "trench",
        "INFRA_STATUS": "Existing",
        "VERIFY_STATUS": "Verified",
        "CAPACITY_USED": 0,
        "CAPACITY_TOTAL": 1,
        "POLYGON_ID": "POLY00010",
        "PDP_ID": "PDP00010",
        "MFG_ID": "MFG00001",
        "REUSE_SOURCE": "",
        "trench_type": "distribution",
        "length_m": 35.12
      }
    },
    {
      "type": "Feature",
      "geometry": {
        "type": "LineString",
        "coordinates": [
          [
            389533.7915715162,
            5812059.35252804
          ],
          [
            389533.7,
            5812059.9
          ],
          [
            389533.5,
            5812061.850000001
          ],
          [
            389533.25,
            5812063.800000001
          ],
          [
            389533.0,
            5812065.7
          ],
          [
            389532.75,
            5812067.65
          ],
          [
            389532.5,
            5812069.600000001
          ],
          [
            389532.25,
            5812071.550000001
          ],
          [
            389532.0,
            5812073.5
          ],
          [
            389531.75,
            5812075.45
          ],
          [
            389531.5,
            5812077.350000001
          ],
          [
            389530.4,
            5812079.850000001
          ],
          [
            389528.45,
            5812079.45
          ],
          [
            389526.5,
            5812079.100000001
          ],
          [
            389524.55000000005,
            5812078.75
          ],
          [
            389522.65,
            5812078.350000001
          ],
          [
            389520.7,
            5812078.0
          ],
          [
            389518.75,
            5812077.65
          ],
          [
            389516.80000000005,
            5812077.300000001
          ],
          [
            389514.85000000003,
            5812076.9
          ],
          [
            389512.9,
            5812076.550000001
          ],
          [
            389510.95,
            5812076.2
          ],
          [
            389509.0,
            5812075.850000001
          ],
          [
            389507.05000000005,
            5812075.45
          ],
          [
            389506.329848697,
            5812075.328123717
          ]
        ]
      },
      "properties": {
        "SRC_ID": "BF_DST_033",
        "STAGE": "brownfield",
        "ASSET_TYPE": "trench",
        "INFRA_STATUS": "Existing",
        "VERIFY_STATUS": "Verified",
        "CAPACITY_USED": 0,
        "CAPACITY_TOTAL": 1,
        "POLYGON_ID": "POLY00010",
        "PDP_ID": "PDP00010",
        "MFG_ID": "MFG00001",
        "REUSE_SOURCE": "",
        "trench_type": "distribution",
        "length_m": 45.37
      }
    },
    {
      "type": "Feature",
      "geometry": {
        "type": "LineString",
        "coordinates": [
          [
            389137.0618144272,
            5811900.091257788
          ],
          [
            389136.7,
            5811899.800000001
          ],
          [
            389135.15,
            5811898.600000001
          ],
          [
            389133.55000000005,
            5811897.4
          ],
          [
            389132.0,
            5811896.15
          ],
          [
            389130.4,
            5811894.95
          ],
          [
            389128.85000000003,
            5811893.75
          ],
          [
            389127.30000000005,
            5811892.5
          ],
          [
            389125.7,
            5811891.300000001
          ],
          [
            389124.15,
            5811890.100000001
          ],
          [
            389122.55000000005,
            5811888.850000001
          ],
          [
            389121.0,
            5811887.65
          ],
          [
            389119.45,
            5811886.45
          ],
          [
            389117.85000000003,
            5811885.2
          ],
          [
            389116.30000000005,
            5811884.0
          ],
          [
            389114.7,
            5811882.800000001
          ],
          [
            389115.02047286497,
            5811883.014856371
          ]
        ]
      },
      "properties": {
        "SRC_ID": "BF_DST_034",
        "STAGE": "brownfield",
        "ASSET_TYPE": "trench",
        "INFRA_STATUS": "Existing",
        "VERIFY_STATUS": "Verified",
        "CAPACITY_USED": 0,
        "CAPACITY_TOTAL": 1,
        "POLYGON_ID": "POLY00022",
        "PDP_ID": "PDP00022",
        "MFG_ID": "MFG00001",
        "REUSE_SOURCE": "",
        "trench_type": "distribution",
        "length_m": 28.65
      }
    },
    {
      "type": "Feature",
      "geometry": {
        "type": "LineString",
        "coordinates": [
          [
            389137.0618144272,
            5811900.091257788
          ],
          [
            389136.7,
            5811899.800000001
          ],
          [
            389135.15,
            5811898.600000001
          ],
          [
            389133.55000000005,
            5811897.4
          ],
          [
            389132.0,
            5811896.15
          ],
          [
            389130.4,
            5811894.95
          ],
          [
            389128.85000000003,
            5811893.75
          ],
          [
            389127.30000000005,
            5811892.5
          ],
          [
            389125.7,
            5811891.300000001
          ],
          [
            389124.15,
            5811890.100000001
          ],
          [
            389122.55000000005,
            5811888.850000001
          ],
          [
            389121.0,
            5811887.65
          ],
          [
            389119.45,
            5811886.45
          ],
          [
            389117.85000000003,
            5811885.2
          ],
          [
            389116.30000000005,
            5811884.0
          ],
          [
            389114.7,
            5811882.800000001
          ],
          [
            389113.15,
            5811881.550000001
          ],
          [
            389111.60000000003,
            5811880.350000001
          ],
          [
            389110.0,
            5811879.15
          ],
          [
            389108.45,
            5811877.9
          ],
          [
            389106.85000000003,
            5811876.7
          ],
          [
            389105.30000000005,
            5811875.5
          ],
          [
            389103.75,
            5811874.25
          ],
          [
            389102.15,
            5811873.050000001
          ],
          [
            389100.60000000003,
            5811871.850000001
          ],
          [
            389099.0,
            5811870.600000001
          ],
          [
            389097.95,
            5811868.350000001
          ],
          [
            389099.15,
            5811866.75
          ],
          [
            389100.35000000003,
            5811865.15
          ],
          [
            389102.65,
            5811865.850000001
          ],
          [
            389104.25,
            5811867.050000001
          ],
          [
            389105.80000000005,
            5811868.300000001
          ],
          [
            389107.4,
            5811869.5
          ],
          [
            389108.95,
            5811870.7
          ],
          [
            389110.5,
            5811871.95
          ],
          [
            389112.10000000003,
            5811873.15
          ],
          [
            389113.65,
            5811874.350000001
          ],
          [
            389115.25,
            5811875.600000001
          ],
          [
            389116.80000000005,
            5811876.800000001
          ],
          [
            389118.35000000003,
            5811878.0
          ],
          [
            389119.95,
            5811879.25
          ],
          [
            389121.5,
            5811880.45
          ],
          [
            389123.10000000003,
            5811881.65
          ],
          [
            389124.65,
            5811882.9
          ],
          [
            389126.2,
            5811884.100000001
          ],
          [
            389127.80000000005,
            5811885.300000001
          ],
          [
            389129.35000000003,
            5811886.550000001
          ],
          [
            389130.95,
            5811887.75
          ],
          [
            389132.5,
            5811888.95
          ],
          [
            389134.05000000005,
            5811890.2
          ],
          [
            389135.65,
            5811891.4
          ],
          [
            389137.2,
            5811892.600000001
          ],
          [
            389137.5427984158,
            5811892.8738888865
          ]
        ]
      },
      "properties": {
        "SRC_ID": "BF_DST_035",
        "STAGE": "brownfield",
        "ASSET_TYPE": "trench",
        "INFRA_STATUS": "Existing",
        "VERIFY_STATUS": "Verified",
        "CAPACITY_USED": 0,
        "CAPACITY_TOTAL": 1,
        "POLYGON_ID": "POLY00022",
        "PDP_ID": "PDP00022",
        "MFG_ID": "MFG00001",
        "REUSE_SOURCE": "",
        "trench_type": "distribution",
        "length_m": 101.18
      }
    },
    {
      "type": "Feature",
      "geometry": {
        "type": "LineString",
        "coordinates": [
          [
            389669.97809003637,
            5812006.904828316
          ],
          [
            389670.45,
            5812006.95
          ],
          [
            389672.45,
            5812007.15
          ],
          [
            389674.4,
            5812007.350000001
          ],
          [
            389676.4,
            5812007.5
          ],
          [
            389678.35000000003,
            5812007.7
          ],
          [
            389680.35000000003,
            5812007.9
          ],
          [
            389682.35000000003,
            5812008.100000001
          ],
          [
            389684.30000000005,
            5812008.300000001
          ],
          [
            389686.30000000005,
            5812008.45
          ],
          [
            389688.25,
            5812008.65
          ],
          [
            389690.25,
            5812008.850000001
          ],
          [
            389692.25,
            5812009.050000001
          ],
          [
            389694.2,
            5812009.25
          ],
          [
            389696.2,
            5812009.45
          ],
          [
            389698.15,
            5812009.600000001
          ],
          [
            389700.15,
            5812009.800000001
          ],
          [
            389700.1477007584,
            5812009.808030443
          ]
        ]
      },
      "properties": {
        "SRC_ID": "BF_DST_036",
        "STAGE": "brownfield",
        "ASSET_TYPE": "trench",
        "INFRA_STATUS": "Existing",
        "VERIFY_STATUS": "Verified",
        "CAPACITY_USED": 0,
        "CAPACITY_TOTAL": 1,
        "POLYGON_ID": "POLY00023",
        "PDP_ID": "PDP00023",
        "MFG_ID": "MFG00001",
        "REUSE_SOURCE": "",
        "trench_type": "distribution",
        "length_m": 30.32
      }
    },
    {
      "type": "Feature",
      "geometry": {
        "type": "LineString",
        "coordinates": [
          [
            389669.97809003637,
            5812006.904828316
          ],
          [
            389670.45,
            5812006.95
          ],
          [
            389668.45,
            5812006.75
          ],
          [
            389666.5,
            5812006.550000001
          ],
          [
            389664.5,
            5812006.4
          ],
          [
            389663.73704629054,
            5812006.304256713
          ]
        ]
      },
      "properties": {
        "SRC_ID": "BF_DST_037",
        "STAGE": "brownfield",
        "ASSET_TYPE": "trench",
        "INFRA_STATUS": "Existing",
        "VERIFY_STATUS": "Assumed",
        "CAPACITY_USED": 0,
        "CAPACITY_TOTAL": 1,
        "POLYGON_ID": "POLY00023",
        "PDP_ID": "PDP00023",
        "MFG_ID": "MFG00001",
        "REUSE_SOURCE": "",
        "trench_type": "distribution",
        "length_m": 7.22
      }
    },
    {
      "type": "Feature",
      "geometry": {
        "type": "LineString",
        "coordinates": [
          [
            389485.5025418762,
            5811905.413911707
          ],
          [
            389484.55000000005,
            5811905.350000001
          ],
          [
            389482.60000000003,
            5811905.25
          ],
          [
            389480.65,
            5811905.15
          ],
          [
            389478.7,
            5811905.050000001
          ],
          [
            389476.75,
            5811904.9
          ],
          [
            389474.80000000005,
            5811904.800000001
          ],
          [
            389472.85000000003,
            5811904.7
          ],
          [
            389470.9,
            5811904.600000001
          ],
          [
            389468.95,
            5811904.5
          ],
          [
            389467.0,
            5811904.4
          ],
          [
            389465.05000000005,
            5811904.25
          ],
          [
            389463.10000000003,
            5811904.15
          ],
          [
            389461.15,
            5811904.050000001
          ],
          [
            389459.2,
            5811903.95
          ],
          [
            389457.25,
            5811903.850000001
          ],
          [
            389455.30000000005,
            5811903.75
          ],
          [
            389453.35000000003,
            5811903.600000001
          ],
          [
            389451.4,
            5811903.5
          ],
          [
            389449.45,
            5811903.4
          ],
          [
            389447.5,
            5811903.300000001
          ],
          [
            389445.55000000005,
            5811903.2
          ],
          [
            389443.60000000003,
            5811903.050000001
          ],
          [
            389441.65,
            5811902.95
          ],
          [
            389439.80000000005,
            5811902.5
          ],
          [
            389438.0,
            5811902.050000001
          ],
          [
            389436.15,
            5811901.600000001
          ],
          [
            389434.30000000005,
            5811901.15
          ],
          [
            389432.5,
            5811900.7
          ],
          [
            389430.75,
            5811900.25
          ],
          [
            389428.95,
            5811899.850000001
          ],
          [
            389427.2,
            5811899.4
          ],
          [
            389425.45,
            5811898.95
          ],
          [
            389423.65,
            5811898.550000001
          ],
          [
            389421.9,
            5811898.100000001
          ],
          [
            389420.7,
            5811897.050000001
          ],
          [
            389419.55000000005,
            5811896.0
          ],
          [
            389418.35000000003,
            5811894.95
          ],
          [
            389417.2,
            5811893.9
          ],
          [
            389416.0,
            5811892.800000001
          ],
          [
            389415.25,
            5811890.600000001
          ],
          [
            389416.5,
            5811889.050000001
          ],
          [
            389417.7,
            5811887.5
          ],
          [
            389418.9,
            5811885.95
          ],
          [
            389420.10000000003,
            5811884.350000001
          ],
          [
            389421.35000000003,
            5811882.800000001
          ],
          [
            389422.55000000005,
            5811881.25
          ],
          [
            389423.75,
            5811879.7
          ],
          [
            389425.0,
            5811878.15
          ],
          [
            389426.2,
            5811876.550000001
          ],
          [
            389427.4,
            5811875.0
          ],
          [
            389428.65,
            5811873.45
          ],
          [
            389429.85000000003,
            5811871.9
          ],
          [
            389431.05000000005,
            5811870.350000001
          ],
          [
            389432.25,
            5811868.75
          ],
          [
            389433.5,
            5811867.2
          ],
          [
            389434.7,
            5811865.65
          ],
          [
            389435.9,
            5811864.100000001
          ],
          [
            389437.15,
            5811862.5
          ],
          [
            389438.35000000003,
            5811860.95
          ],
          [
            389439.55000000005,
            5811859.4
          ],
          [
            389440.75,
            5811857.850000001
          ],
          [
            389442.0,
            5811856.300000001
          ],
          [
            389443.2,
            5811854.7
          ],
          [
            389444.4,
            5811853.15
          ],
          [
            389445.65,
            5811851.600000001
          ],
          [
            389446.85000000003,
            5811850.050000001
          ],
          [
            389448.05000000005,
            5811848.5
          ],
          [
            389449.25,
            5811846.9
          ],
          [
            389450.5,
            5811845.350000001
          ],
          [
            389451.7,
            5811843.800000001
          ],
          [
            389452.9,
            5811842.25
          ],
          [
            389454.15,
            5811840.65
          ],
          [
            389455.35000000003,
            5811839.100000001
          ],
          [
            389456.55000000005,
            5811837.550000001
          ],
          [
            389457.75,
            5811836.0
          ],
          [
            389459.0,
            5811834.45
          ],
          [
            389460.2,
            5811832.850000001
          ],
          [
            389461.4,
            5811831.300000001
          ],
          [
            389462.65,
            5811829.75
          ],
          [
            389463.1595977851,
            5811829.067444021
          ]
        ]
      },
      "properties": {
        "SRC_ID": "BF_DST_038",
        "STAGE": "brownfield",
        "ASSET_TYPE": "trench",
        "INFRA_STATUS": "Existing",
        "VERIFY_STATUS": "Assumed",
        "CAPACITY_USED": 0,
        "CAPACITY_TOTAL": 1,
        "POLYGON_ID": "POLY00006",
        "PDP_ID": "PDP00006",
        "MFG_ID": "MFG00001",
        "REUSE_SOURCE": "",
        "trench_type": "distribution",
        "length_m": 152.51
      }
    },
    {
      "type": "Feature",
      "geometry": {
        "type": "LineString",
        "coordinates": [
          [
            389485.5025418762,
            5811905.413911707
          ],
          [
            389484.55000000005,
            5811905.350000001
          ],
          [
            389482.60000000003,
            5811905.25
          ],
          [
            389480.65,
            5811905.15
          ],
          [
            389478.7,
            5811905.050000001
          ],
          [
            389476.75,
            5811904.9
          ],
          [
            389474.80000000005,
            5811904.800000001
          ],
          [
            389472.85000000003,
            5811904.7
          ],
          [
            389470.9,
            5811904.600000001
          ],
          [
            389468.95,
            5811904.5
          ],
          [
            389467.0,
            5811904.4
          ],
          [
            389465.05000000005,
            5811904.25
          ],
          [
            389463.10000000003,
            5811904.15
          ],
          [
            389461.15,
            5811904.050000001
          ],
          [
            389459.2,
            5811903.95
          ],
          [
            389457.25,
            5811903.850000001
          ],
          [
            389456.5963397195,
            5811903.799818899
          ]
        ]
      },
      "properties": {
        "SRC_ID": "BF_DST_039",
        "STAGE": "brownfield",
        "ASSET_TYPE": "trench",
        "INFRA_STATUS": "Existing",
        "VERIFY_STATUS": "Verified",
        "CAPACITY_USED": 0,
        "CAPACITY_TOTAL": 1,
        "POLYGON_ID": "POLY00006",
        "PDP_ID": "PDP00006",
        "MFG_ID": "MFG00001",
        "REUSE_SOURCE": "",
        "trench_type": "distribution",
        "length_m": 28.95
      }
    },
    {
      "type": "Feature",
      "geometry": {
        "type": "LineString",
        "coordinates": [
          [
            389483.8664431063,
            5812077.235152136
          ],
          [
            389484.55000000005,
            5812077.350000001
          ],
          [
            389485.10000000003,
            5812075.25
          ],
          [
            389485.45,
            5812073.350000001
          ],
          [
            389483.7,
            5812071.100000001
          ],
          [
            389481.75,
            5812070.75
          ],
          [
            389479.80000000005,
            5812070.350000001
          ],
          [
            389477.85000000003,
            5812070.0
          ],
          [
            389475.9,
            5812069.65
          ],
          [
            389473.95,
            5812069.300000001
          ],
          [
            389472.0,
            5812068.9
          ],
          [
            389470.05000000005,
            5812068.550000001
          ],
          [
            389468.10000000003,
            5812068.2
          ],
          [
            389466.15,
            5812067.800000001
          ],
          [
            389464.2,
            5812067.45
          ],
          [
            389462.25,
            5812067.100000001
          ],
          [
            389463.1199735588,
            5812067.276855126
          ]
        ]
      },
      "properties": {
        "SRC_ID": "BF_DST_040",
        "STAGE": "brownfield",
        "ASSET_TYPE": "trench",
        "INFRA_STATUS": "Existing",
        "VERIFY_STATUS": "Verified",
        "CAPACITY_USED": 0,
        "CAPACITY_TOTAL": 1,
        "POLYGON_ID": "POLY00031",
        "PDP_ID": "PDP00031",
        "MFG_ID": "MFG00001",
        "REUSE_SOURCE": "",
        "trench_type": "distribution",
        "length_m": 30.36
      }
    },
    {
      "type": "Feature",
      "geometry": {
        "type": "LineString",
        "coordinates": [
          [
            389558.4773459325,
            5811836.204253214
          ],
          [
            389558.4,
            5811837.15
          ],
          [
            389558.55000000005,
            5811835.15
          ],
          [
            389558.65,
            5811833.15
          ],
          [
            389558.80000000005,
            5811831.2
          ],
          [
            389558.9,
            5811829.2
          ],
          [
            389559.05000000005,
            5811827.25
          ],
          [
            389559.15,
            5811825.25
          ],
          [
            389559.25,
            5811823.25
          ],
          [
            389559.4,
            5811821.300000001
          ],
          [
            389559.5,
            5811819.300000001
          ],
          [
            389559.65,
            5811817.350000001
          ],
          [
            389559.75,
            5811815.350000001
          ],
          [
            389559.85000000003,
            5811813.350000001
          ],
          [
            389560.0,
            5811811.4
          ],
          [
            389560.10000000003,
            5811809.4
          ],
          [
            389560.25,
            5811807.45
          ],
          [
            389560.35000000003,
            5811805.45
          ],
          [
            389560.45,
            5811803.7
          ],
          [
            389560.55000000005,
            5811802.0
          ],
          [
            389560.65,
            5811800.25
          ],
          [
            389560.80000000005,
            5811798.5
          ],
          [
            389559.9,
            5811796.25
          ],
          [
            389557.9,
            5811796.100000001
          ],
          [
            389556.05000000005,
            5811796.0
          ],
          [
            389554.80000000005,
            5811798.15
          ],
          [
            389554.7,
            5811799.9
          ],
          [
            389554.60000000003,
            5811801.600000001
          ],
          [
            389554.45,
            5811803.350000001
          ],
          [
            389554.35000000003,
            5811805.100000001
          ],
          [
            389554.25,
            5811807.050000001
          ],
          [
            389554.15,
            5811809.050000001
          ],
          [
            389554.0,
            5811811.0
          ],
          [
            389553.9,
            5811813.0
          ],
          [
            389553.75,
            5811815.0
          ],
          [
            389553.65,
            5811816.95
          ],
          [
            389553.5,
            5811818.95
          ],
          [
            389553.4636303321,
            5811819.882241484
          ]
        ]
      },
      "properties": {
        "SRC_ID": "BF_DST_041",
        "STAGE": "brownfield",
        "ASSET_TYPE": "trench",
        "INFRA_STATUS": "Existing",
        "VERIFY_STATUS": "Verified",
        "CAPACITY_USED": 0,
        "CAPACITY_TOTAL": 1,
        "POLYGON_ID": "POLY00005",
        "PDP_ID": "PDP00005",
        "MFG_ID": "MFG00001",
        "REUSE_SOURCE": "",
        "trench_type": "distribution",
        "length_m": 70.22
      }
    },
    {
      "type": "Feature",
      "geometry": {
        "type": "LineString",
        "coordinates": [
          [
            389558.4773459325,
            5811836.204253214
          ],
          [
            389558.4,
            5811837.15
          ],
          [
            389558.55000000005,
            5811835.15
          ],
          [
            389558.65,
            5811833.15
          ],
          [
            389558.80000000005,
            5811831.2
          ],
          [
            389558.9,
            5811829.2
          ],
          [
            389559.05000000005,
            5811827.25
          ],
          [
            389559.15,
            5811825.25
          ],
          [
            389559.25,
            5811823.25
          ],
          [
            389559.4,
            5811821.300000001
          ],
          [
            389559.5,
            5811819.300000001
          ],
          [
            389559.65,
            5811817.350000001
          ],
          [
            389559.75,
            5811815.350000001
          ],
          [
            389559.85000000003,
            5811813.350000001
          ],
          [
            389560.0,
            5811811.4
          ],
          [
            389560.10000000003,
            5811809.4
          ],
          [
            389560.25,
            5811807.45
          ],
          [
            389560.35000000003,
            5811805.45
          ],
          [
            389560.45,
            5811803.7
          ],
          [
            389560.55000000005,
            5811802.0
          ],
          [
            389560.65,
            5811800.25
          ],
          [
            389560.80000000005,
            5811798.5
          ],
          [
            389559.9,
            5811796.25
          ],
          [
            389557.9,
            5811796.100000001
          ],
          [
            389556.05000000005,
            5811796.0
          ],
          [
            389554.80000000005,
            5811798.15
          ],
          [
            389554.7,
            5811799.9
          ],
          [
            389554.60000000003,
            5811801.600000001
          ],
          [
            389554.45,
            5811803.350000001
          ],
          [
            389554.35000000003,
            5811805.100000001
          ],
          [
            389554.25,
            5811807.050000001
          ],
          [
            389554.15,
            5811809.050000001
          ],
          [
            389554.0,
            5811811.0
          ],
          [
            389553.9,
            5811813.0
          ],
          [
            389553.75,
            5811815.0
          ],
          [
            389553.65,
            5811816.95
          ],
          [
            389553.5,
            5811818.95
          ],
          [
            389553.4,
            5811820.9
          ],
          [
            389553.30000000005,
            5811822.9
          ],
          [
            389553.15,
            5811824.9
          ],
          [
            389553.05000000005,
            5811826.850000001
          ],
          [
            389552.9,
            5811828.850000001
          ],
          [
            389552.80000000005,
            5811830.850000001
          ],
          [
            389552.65,
            5811832.800000001
          ],
          [
            389552.55000000005,
            5811834.800000001
          ],
          [
            389552.45,
            5811836.75
          ],
          [
            389552.30000000005,
            5811838.75
          ],
          [
            389552.2,
            5811840.75
          ],
          [
            389552.05000000005,
            5811842.7
          ],
          [
            389551.95,
            5811844.7
          ],
          [
            389551.85000000003,
            5811846.65
          ],
          [
            389551.7,
            5811848.65
          ],
          [
            389551.60000000003,
            5811850.65
          ],
          [
            389551.45,
            5811852.600000001
          ],
          [
            389551.35000000003,
            5811854.600000001
          ],
          [
            389551.2,
            5811856.550000001
          ],
          [
            389551.10000000003,
            5811858.550000001
          ],
          [
            389551.0,
            5811860.550000001
          ],
          [
            389550.85000000003,
            5811862.5
          ],
          [
            389550.87272343825,
            5811862.277969733
          ]
        ]
      },
      "properties": {
        "SRC_ID": "BF_DST_042",
        "STAGE": "brownfield",
        "ASSET_TYPE": "trench",
        "INFRA_STATUS": "Existing",
        "VERIFY_STATUS": "Assumed",
        "CAPACITY_USED": 0,
        "CAPACITY_TOTAL": 1,
        "POLYGON_ID": "POLY00005",
        "PDP_ID": "PDP00005",
        "MFG_ID": "MFG00001",
        "REUSE_SOURCE": "",
        "trench_type": "distribution",
        "length_m": 113.14
      }
    },
    {
      "type": "Feature",
      "geometry": {
        "type": "LineString",
        "coordinates": [
          [
            389249.2339447426,
            5812094.682696202
          ],
          [
            389248.7,
            5812095.350000001
          ],
          [
            389249.95,
            5812093.800000001
          ],
          [
            389251.15,
            5812092.300000001
          ],
          [
            389252.4,
            5812090.75
          ],
          [
            389253.65,
            5812089.2
          ],
          [
            389254.9,
            5812087.65
          ],
          [
            389256.15,
            5812086.100000001
          ],
          [
            389257.4,
            5812084.550000001
          ],
          [
            389258.65,
            5812083.050000001
          ],
          [
            389259.9,
            5812081.5
          ],
          [
            389259.28581065487,
            5812082.240395183
          ]
        ]
      },
      "properties": {
        "SRC_ID": "BF_DST_043",
        "STAGE": "brownfield",
        "ASSET_TYPE": "trench",
        "INFRA_STATUS": "Existing",
        "VERIFY_STATUS": "Verified",
        "CAPACITY_USED": 0,
        "CAPACITY_TOTAL": 1,
        "POLYGON_ID": "POLY00014",
        "PDP_ID": "PDP00014",
        "MFG_ID": "MFG00001",
        "REUSE_SOURCE": "",
        "trench_type": "distribution",
        "length_m": 19.63
      }
    },
    {
      "type": "Feature",
      "geometry": {
        "type": "LineString",
        "coordinates": [
          [
            389249.2339447426,
            5812094.682696202
          ],
          [
            389248.7,
            5812095.350000001
          ],
          [
            389249.95,
            5812093.800000001
          ],
          [
            389251.15,
            5812092.300000001
          ],
          [
            389252.4,
            5812090.75
          ],
          [
            389253.65,
            5812089.2
          ],
          [
            389254.9,
            5812087.65
          ],
          [
            389256.15,
            5812086.100000001
          ],
          [
            389257.4,
            5812084.550000001
          ],
          [
            389258.65,
            5812083.050000001
          ],
          [
            389259.9,
            5812081.5
          ],
          [
            389261.15,
            5812079.95
          ],
          [
            389262.4,
            5812078.4
          ],
          [
            389263.65,
            5812076.850000001
          ],
          [
            389264.9,
            5812075.300000001
          ],
          [
            389266.10000000003,
            5812073.800000001
          ],
          [
            389267.35000000003,
            5812072.25
          ],
          [
            389268.60000000003,
            5812070.7
          ],
          [
            389269.21612717345,
            5812069.94854923
          ]
        ]
      },
      "properties": {
        "SRC_ID": "BF_DST_044",
        "STAGE": "brownfield",
        "ASSET_TYPE": "trench",
        "INFRA_STATUS": "Existing",
        "VERIFY_STATUS": "Verified",
        "CAPACITY_USED": 0,
        "CAPACITY_TOTAL": 1,
        "POLYGON_ID": "POLY00014",
        "PDP_ID": "PDP00014",
        "MFG_ID": "MFG00001",
        "REUSE_SOURCE": "",
        "trench_type": "distribution",
        "length_m": 33.51
      }
    },
    {
      "type": "Feature",
      "geometry": {
        "type": "LineString",
        "coordinates": [
          [
            389810.3994064029,
            5812483.077381315
          ],
          [
            389810.30000000005,
            5812483.65
          ],
          [
            389809.80000000005,
            5812485.5
          ],
          [
            389809.35000000003,
            5812487.350000001
          ],
          [
            389808.85000000003,
            5812489.2
          ],
          [
            389808.35000000003,
            5812491.0
          ],
          [
            389808.3791599225,
            5812490.976032324
          ]
        ]
      },
      "properties": {
        "SRC_ID": "BF_DST_045",
        "STAGE": "brownfield",
        "ASSET_TYPE": "trench",
        "INFRA_STATUS": "Existing",
        "VERIFY_STATUS": "Verified",
        "CAPACITY_USED": 0,
        "CAPACITY_TOTAL": 1,
        "POLYGON_ID": "POLY00017",
        "PDP_ID": "PDP00017",
        "MFG_ID": "MFG00001",
        "REUSE_SOURCE": "",
        "trench_type": "distribution",
        "length_m": 8.22
      }
    },
    {
      "type": "Feature",
      "geometry": {
        "type": "LineString",
        "coordinates": [
          [
            389371.2610360676,
            5812178.801591133
          ],
          [
            389371.45,
            5812178.850000001
          ],
          [
            389369.45,
            5812178.5
          ],
          [
            389367.5,
            5812178.15
          ],
          [
            389365.5,
            5812177.800000001
          ],
          [
            389363.55000000005,
            5812177.45
          ],
          [
            389361.60000000003,
            5812177.15
          ],
          [
            389361.6914382104,
            5812177.1502892235
          ]
        ]
      },
      "properties": {
        "SRC_ID": "BF_DST_046",
        "STAGE": "brownfield",
        "ASSET_TYPE": "trench",
        "INFRA_STATUS": "Existing",
        "VERIFY_STATUS": "Verified",
        "CAPACITY_USED": 0,
        "CAPACITY_TOTAL": 1,
        "POLYGON_ID": "POLY00013",
        "PDP_ID": "PDP00013",
        "MFG_ID": "MFG00001",
        "REUSE_SOURCE": "",
        "trench_type": "distribution",
        "length_m": 10.28
      }
    },
    {
      "type": "Feature",
      "geometry": {
        "type": "LineString",
        "coordinates": [
          [
            389371.2610360676,
            5812178.801591133
          ],
          [
            389371.45,
            5812178.850000001
          ],
          [
            389373.4,
            5812179.15
          ],
          [
            389375.35000000003,
            5812179.5
          ],
          [
            389377.35000000003,
            5812179.850000001
          ],
          [
            389379.30000000005,
            5812180.2
          ],
          [
            389381.25,
            5812180.550000001
          ],
          [
            389383.25,
            5812180.850000001
          ],
          [
            389385.2,
            5812181.2
          ],
          [
            389387.2,
            5812181.550000001
          ],
          [
            389389.15,
            5812181.9
          ],
          [
            389391.10000000003,
            5812182.25
          ],
          [
            389393.10000000003,
            5812182.550000001
          ],
          [
            389395.05000000005,
            5812182.9
          ],
          [
            389397.0,
            5812183.25
          ],
          [
            389399.0,
            5812183.600000001
          ],
          [
            389400.95,
            5812183.95
          ],
          [
            389402.95,
            5812184.25
          ],
          [
            389404.9,
            5812184.600000001
          ],
          [
            389406.85000000003,
            5812184.95
          ],
          [
            389408.85000000003,
            5812185.300000001
          ],
          [
            389410.80000000005,
            5812185.65
          ],
          [
            389412.80000000005,
            5812185.95
          ],
          [
            389414.75,
            5812186.300000001
          ],
          [
            389416.7,
            5812186.65
          ],
          [
            389418.7,
            5812187.0
          ],
          [
            389420.65,
            5812187.300000001
          ],
          [
            389422.60000000003,
            5812187.65
          ],
          [
            389424.05000000005,
            5812187.65
          ],
          [
            389425.5,
            5812187.600000001
          ],
          [
            389426.95,
            5812187.550000001
          ],
          [
            389428.5,
            5812187.2
          ],
          [
            389430.10000000003,
            5812186.850000001
          ],
          [
            389431.7,
            5812186.5
          ],
          [
            389433.45,
            5812185.600000001
          ],
          [
            389435.15,
            5812184.75
          ],
          [
            389436.9,
            5812183.850000001
          ],
          [
            389438.60000000003,
            5812183.0
          ],
          [
            389439.85000000003,
            5812182.050000001
          ],
          [
            389441.05000000005,
            5812181.100000001
          ],
          [
            389442.30000000005,
            5812180.15
          ],
          [
            389443.5,
            5812179.25
          ],
          [
            389444.55000000005,
            5812178.100000001
          ],
          [
            389445.60000000003,
            5812176.95
          ],
          [
            389446.7,
            5812175.850000001
          ],
          [
            389447.75,
            5812174.7
          ],
          [
            389448.55000000005,
            5812173.300000001
          ],
          [
            389449.35000000003,
            5812171.9
          ],
          [
            389450.15,
            5812170.550000001
          ],
          [
            389450.9,
            5812169.15
          ],
          [
            389451.5,
            5812167.4
          ],
          [
            389452.05000000005,
            5812165.7
          ],
          [
            389452.60000000003,
            5812163.95
          ],
          [
            389452.95,
            5812162.0
          ],
          [
            389453.30000000005,
            5812160.050000001
          ],
          [
            389453.65,
            5812158.050000001
          ],
          [
            389454.0,
            5812156.100000001
          ],
          [
            389454.30000000005,
            5812154.15
          ],
          [
            389454.65,
            5812152.15
          ],
          [
            389455.0,
            5812150.2
          ],
          [
            389455.35000000003,
            5812148.25
          ],
          [
            389455.65,
            5812146.25
          ],
          [
            389456.0,
            5812144.300000001
          ],
          [
            389456.35000000003,
            5812142.350000001
          ],
          [
            389456.7,
            5812140.350000001
          ],
          [
            389457.0,
            5812138.4
          ],
          [
            389457.35000000003,
            5812136.45
          ],
          [
            389457.7,
            5812134.45
          ],
          [
            389458.05000000005,
            5812132.5
          ],
          [
            389458.4,
            5812130.550000001
          ],
          [
            389458.7,
            5812128.550000001
          ],
          [
            389459.05000000005,
            5812126.600000001
          ],
          [
            389459.4,
            5812124.65
          ],
          [
            389459.75,
            5812122.65
          ],
          [
            389460.05000000005,
            5812120.7
          ],
          [
            389460.4,
            5812118.75
          ],
          [
            389460.75,
            5812116.800000001
          ],
          [
            389461.10000000003,
            5812114.800000001
          ],
          [
            389461.4,
            5812112.850000001
          ],
          [
            389461.75,
            5812110.9
          ],
          [
            389462.10000000003,
            5812108.9
          ],
          [
            389462.45,
            5812106.95
          ],
          [
            389462.80000000005,
            5812105.0
          ],
          [
            389463.10000000003,
            5812103.0
          ],
          [
            389463.45,
            5812101.050000001
          ],
          [
            389463.80000000005,
            5812099.100000001
          ],
          [
            389464.15,
            5812097.100000001
          ],
          [
            389464.45,
            5812095.15
          ],
          [
            389464.80000000005,
            5812093.2
          ],
          [
            389465.15,
            5812091.2
          ],
          [
            389465.5,
            5812089.25
          ],
          [
            389465.80000000005,
            5812087.300000001
          ],
          [
            389466.15,
            5812085.300000001
          ],
          [
            389466.5,
            5812083.350000001
          ],
          [
            389466.85000000003,
            5812081.4
          ],
          [
            389467.2,
            5812079.4
          ],
          [
            389467.5,
            5812077.45
          ],
          [
            389467.80000000005,
            5812075.9
          ],
          [
            389467.0,
            5812074.100000001
          ],
          [
            389465.10000000003,
            5812073.75
          ],
          [
            389463.10000000003,
            5812073.350000001
          ],
          [
            389461.85000000003,
            5812074.9
          ],
          [
            389461.60000000003,
            5812076.45
          ],
          [
            389461.25,
            5812078.4
          ],
          [
            389460.95,
            5812080.350000001
          ],
          [
            389460.60000000003,
            5812082.300000001
          ],
          [
            389460.25,
            5812084.25
          ],
          [
            389459.9,
            5812086.2
          ],
          [
            389459.60000000003,
            5812088.2
          ],
          [
            389459.25,
            5812090.15
          ],
          [
            389458.9,
            5812092.100000001
          ],
          [
            389458.55000000005,
            5812094.050000001
          ],
          [
            389458.25,
            5812096.0
          ],
          [
            389457.9,
            5812097.95
          ],
          [
            389457.55000000005,
            5812099.9
          ],
          [
            389457.2,
            5812101.850000001
          ],
          [
            389456.9,
            5812103.850000001
          ],
          [
            389456.55000000005,
            5812105.800000001
          ],
          [
            389456.2,
            5812107.75
          ],
          [
            389455.9,
            5812109.7
          ],
          [
            389455.55000000005,
            5812111.65
          ],
          [
            389455.2,
            5812113.600000001
          ],
          [
            389454.85000000003,
            5812115.550000001
          ],
          [
            389454.55000000005,
            5812117.5
          ],
          [
            389454.2,
            5812119.5
          ],
          [
            389453.85000000003,
            5812121.45
          ],
          [
            389453.5,
            5812123.4
          ],
          [
            389453.2,
            5812125.350000001
          ],
          [
            389452.85000000003,
            5812127.300000001
          ],
          [
            389452.5,
            5812129.25
          ],
          [
            389452.15,
            5812131.2
          ],
          [
            389451.85000000003,
            5812133.15
          ],
          [
            389451.5,
            5812135.100000001
          ],
          [
            389451.15,
            5812137.100000001
          ],
          [
            389450.80000000005,
            5812139.050000001
          ],
          [
            389450.5,
            5812141.0
          ],
          [
            389450.15,
            5812142.95
          ],
          [
            389449.80000000005,
            5812144.9
          ],
          [
            389449.5,
            5812146.850000001
          ],
          [
            389449.15,
            5812148.800000001
          ],
          [
            389448.80000000005,
            5812150.75
          ],
          [
            389448.45,
            5812152.75
          ],
          [
            389448.15,
            5812154.7
          ],
          [
            389447.80000000005,
            5812156.65
          ],
          [
            389447.45,
            5812158.600000001
          ],
          [
            389447.10000000003,
            5812160.550000001
          ],
          [
            389446.80000000005,
            5812162.5
          ],
          [
            389446.35000000003,
            5812163.9
          ],
          [
            389445.85000000003,
            5812165.300000001
          ],
          [
            389445.4,
            5812166.7
          ],
          [
            389444.55000000005,
            5812168.15
          ],
          [
            389443.7,
            5812169.65
          ],
          [
            389442.9,
            5812171.100000001
          ],
          [
            389441.75,
            5812172.350000001
          ],
          [
            389440.60000000003,
            5812173.550000001
          ],
          [
            389439.45,
            5812174.800000001
          ],
          [
            389438.10000000003,
            5812175.800000001
          ],
          [
            389436.75,
            5812176.850000001
          ],
          [
            389435.4,
            5812177.9
          ],
          [
            389433.95,
            5812178.600000001
          ],
          [
            389432.55000000005,
            5812179.350000001
          ],
          [
            389431.10000000003,
            5812180.100000001
          ],
          [
            389429.65,
            5812180.800000001
          ],
          [
            389427.95,
            5812181.2
          ],
          [
            389426.2,
            5812181.600000001
          ],
          [
            389424.65,
            5812181.600000001
          ],
          [
            389423.05000000005,
            5812181.65
          ],
          [
            389421.10000000003,
            5812181.300000001
          ],
          [
            389419.15,
            5812181.0
          ],
          [
            389417.2,
            5812180.65
          ],
          [
            389415.25,
            5812180.300000001
          ],
          [
            389413.30000000005,
            5812179.95
          ],
          [
            389411.30000000005,
            5812179.65
          ],
          [
            389409.35000000003,
            5812179.300000001
          ],
          [
            389407.4,
            5812178.95
          ],
          [
            389408.3298491545,
            5812179.109404853
          ]
        ]
      },
      "properties": {
        "SRC_ID": "BF_DST_047",
        "STAGE": "brownfield",
        "ASSET_TYPE": "trench",
        "INFRA_STATUS": "Existing",
        "VERIFY_STATUS": "Verified",
        "CAPACITY_USED": 0,
        "CAPACITY_TOTAL": 1,
        "POLYGON_ID": "POLY00013",
        "PDP_ID": "PDP00013",
        "MFG_ID": "MFG00001",
        "REUSE_SOURCE": "",
        "trench_type": "distribution",
        "length_m": 329.09
      }
    }
  ]
}