{
  "type": "FeatureCollection",
  "crs": {
    "type": "name",
    "properties": {
      "name": "EPSG:25833"
    }
  },
  "features": [
    {
      "type": "Feature",
      "geometry": {
        "type": "LineString",
        "coordinates": [
          [
            389431.24287634034,
            5812174.393726567
          ],
          [
            389433.95,
            5812178.600000001
          ],
          [
            389435.4,
            5812177.9
          ],
          [
            389436.75,
            5812176.850000001
          ],
          [
            389438.10000000003,
            5812175.800000001
          ],
          [
            389439.45,
            5812174.800000001
          ],
          [
            389440.60000000003,
            5812173.550000001
          ],
          [
            389441.75,
            5812172.350000001
          ],
          [
            389442.9,
            5812171.100000001
          ],
          [
            389443.7,
            5812169.65
          ],
          [
            389444.55000000005,
            5812168.15
          ],
          [
            389445.4,
            5812166.7
          ],
          [
            389445.85000000003,
            5812165.300000001
          ],
          [
            389446.35000000003,
            5812163.9
          ],
          [
            389446.80000000005,
            5812162.5
          ],
          [
            389447.10000000003,
            5812160.550000001
          ],
          [
            389447.45,
            5812158.600000001
          ],
          [
            389447.80000000005,
            5812156.65
          ],
          [
            389448.15,
            5812154.7
          ],
          [
            389448.45,
            5812152.75
          ],
          [
            389448.80000000005,
            5812150.75
          ],
          [
            389449.15,
            5812148.800000001
          ],
          [
            389449.5,
            5812146.850000001
          ],
          [
            389449.80000000005,
            5812144.9
          ],
          [
            389450.15,
            5812142.95
          ],
          [
            389450.5,
            5812141.0
          ],
          [
            389450.80000000005,
            5812139.050000001
          ],
          [
            389451.15,
            5812137.100000001
          ],
          [
            389451.5,
            5812135.100000001
          ],
          [
            389451.85000000003,
            5812133.15
          ],
          [
            389452.15,
            5812131.2
          ],
          [
            389452.5,
            5812129.25
          ],
          [
            389452.85000000003,
            5812127.300000001
          ],
          [
            389453.2,
            5812125.350000001
          ],
          [
            389453.5,
            5812123.4
          ],
          [
            389453.85000000003,
            5812121.45
          ],
          [
            389454.2,
            5812119.5
          ],
          [
            389454.55000000005,
            5812117.5
          ],
          [
            389454.85000000003,
            5812115.550000001
          ],
          [
            389455.2,
            5812113.600000001
          ],
          [
            389455.55000000005,
            5812111.65
          ],
          [
            389455.9,
            5812109.7
          ],
          [
            389456.2,
            5812107.75
          ],
          [
            389456.55000000005,
            5812105.800000001
          ],
          [
            389456.9,
            5812103.850000001
          ],
          [
            389457.2,
            5812101.850000001
          ],
          [
            389457.55000000005,
            5812099.9
          ],
          [
            389457.9,
            5812097.95
          ],
          [
            389458.25,
            5812096.0
          ],
          [
            389458.55000000005,
            5812094.050000001
          ],
          [
            389458.9,
            5812092.100000001
          ],
          [
            389459.25,
            5812090.15
          ],
          [
            389459.60000000003,
            5812088.2
          ],
          [
            389459.9,
            5812086.2
          ],
          [
            389460.25,
            5812084.25
          ],
          [
            389460.60000000003,
            5812082.300000001
          ],
          [
            389460.95,
            5812080.350000001
          ],
          [
            389461.25,
            5812078.4
          ],
          [
            389461.60000000003,
            5812076.45
          ],
          [
            389461.85000000003,
            5812074.9
          ],
          [
            389463.10000000003,
            5812073.350000001
          ],
          [
            389465.10000000003,
            5812073.75
          ],
          [
            389467.0,
            5812074.100000001
          ],
          [
            389468.95,
            5812074.45
          ],
          [
            389470.9,
            5812074.800000001
          ],
          [
            389472.85000000003,
            5812075.2
          ],
          [
            389474.80000000005,
            5812075.550000001
          ],
          [
            389476.75,
            5812075.9
          ],
          [
            389478.7,
            5812076.25
          ],
          [
            389480.65,
            5812076.65
          ],
          [
            389482.60000000003,
            5812077.0
          ],
          [
            389484.55000000005,
            5812077.350000001
          ],
          [
            389486.5,
            5812077.7
          ],
          [
            389488.4,
            5812078.100000001
          ],
          [
            389490.35000000003,
            5812078.45
          ],
          [
            389492.30000000005,
            5812078.800000001
          ],
          [
            389494.25,
            5812079.2
          ],
          [
            389496.2,
            5812079.550000001
          ],
          [
            389498.15,
            5812079.9
          ],
          [
            389500.10000000003,
            5812080.25
          ],
          [
            389502.05000000005,
            5812080.65
          ],
          [
            389504.0,
            5812081.0
          ],
          [
            389505.95,
            5812081.350000001
          ],
          [
            389507.9,
            5812081.7
          ],
          [
            389509.85000000003,
            5812082.100000001
          ],
          [
            389511.80000000005,
            5812082.45
          ],
          [
            389513.75,
            5812082.800000001
          ],
          [
            389515.7,
            5812083.2
          ],
          [
            389517.65,
            5812083.550000001
          ],
          [
            389519.60000000003,
            5812083.9
          ],
          [
            389521.55000000005,
            5812084.25
          ],
          [
            389523.45,
            5812084.65
          ],
          [
            389525.4,
            5812085.0
          ],
          [
            389527.35000000003,
            5812085.350000001
          ],
          [
            389529.30000000005,
            5812085.75
          ],
          [
            389531.25,
            5812086.100000001
          ],
          [
            389533.25,
            5812086.45
          ],
          [
            389535.2,
            5812086.800000001
          ],
          [
            389537.10000000003,
            5812087.15
          ],
          [
            389539.05000000005,
            5812087.45
          ],
          [
            389540.95,
            5812087.800000001
          ],
          [
            389542.9,
            5812088.15
          ],
          [
            389544.85000000003,
            5812088.45
          ],
          [
            389546.75,
            5812088.800000001
          ],
          [
            389548.7,
            5812089.15
          ],
          [
            389550.60000000003,
            5812089.45
          ],
          [
            389553.10000000003,
            5812088.9
          ],
          [
            389553.45,
            5812086.9
          ],
          [
            389553.80000000005,
            5812084.95
          ],
          [
            389555.45,
            5812084.2
          ],
          [
            389557.35000000003,
            5812084.550000001
          ],
          [
            389559.30000000005,
            5812084.9
          ],
          [
            389561.2,
            5812085.2
          ],
          [
            389563.15,
            5812085.550000001
          ],
          [
            389565.05000000005,
            5812085.9
          ],
          [
            389567.0,
            5812086.2
          ],
          [
            389568.9,
            5812086.550000001
          ],
          [
            389570.85000000003,
            5812086.9
          ],
          [
            389572.75,
            5812087.25
          ],
          [
            389574.7,
            5812087.550000001
          ],
          [
            389576.60000000003,
            5812087.9
          ],
          [
            389578.55000000005,
            5812088.25
          ],
          [
            389580.45,
            5812088.550000001
          ],
          [
            389582.4,
            5812088.9
          ],
          [
            389584.30000000005,
            5812089.25
          ],
          [
            389586.25,
            5812089.550000001
          ],
          [
            389588.15,
            5812089.9
          ],
          [
            389590.10000000003,
            5812090.25
          ],
          [
            389592.0,
            5812090.550000001
          ],
          [
            389593.95,
            5812090.9
          ],
          [
            389595.85000000003,
            5812091.25
          ],
          [
            389597.80000000005,
            5812091.550000001
          ],
          [
            389599.7,
            5812091.9
          ],
          [
            389601.60000000003,
            5812092.25
          ],
          [
            389603.55000000005,
            5812092.550000001
          ],
          [
            389605.45,
            5812092.9
          ],
          [
            389607.4,
            5812093.25
          ],
          [
            389609.4,
            5812093.4
          ],
          [
            389611.4,
            5812093.600000001
          ],
          [
            389613.35000000003,
            5812093.75
          ],
          [
            389615.35000000003,
            5812093.95
          ],
          [
            389617.35000000003,
            5812094.15
          ],
          [
            389619.35000000003,
            5812094.300000001
          ],
          [
            389621.30000000005,
            5812094.5
          ],
          [
            389623.30000000005,
            5812094.65
          ],
          [
            389625.30000000005,
            5812094.850000001
          ],
          [
            389627.30000000005,
            5812095.050000001
          ],
          [
            389629.30000000005,
            5812095.2
          ],
          [
            389631.25,
            5812095.4
          ],
          [
            389633.25,
            5812095.550000001
          ],
          [
            389635.25,
            5812095.75
          ],
          [
            389637.25,
            5812095.95
          ],
          [
            389639.2,
            5812096.100000001
          ],
          [
            389641.2,
            5812096.300000001
          ],
          [
            389643.2,
            5812096.45
          ],
          [
            389645.2,
            5812096.65
          ],
          [
            389647.2,
            5812096.850000001
          ],
          [
            389649.15,
            5812097.0
          ],
          [
            389651.15,
            5812097.2
          ],
          [
            389653.15,
            5812097.350000001
          ],
          [
            389655.15,
            5812097.550000001
          ],
          [
            389657.10000000003,
            5812097.75
          ],
          [
            389659.10000000003,
            5812097.9
          ],
          [
            389661.10000000003,
            5812098.100000001
          ],
          [
            389663.10000000003,
            5812098.25
          ],
          [
            389665.10000000003,
            5812098.45
          ],
          [
            389667.05000000005,
            5812098.65
          ],
          [
            389669.05000000005,
            5812098.800000001
          ],
          [
            389671.05000000005,
            5812099.0
          ],
          [
            389673.05000000005,
            5812099.15
          ],
          [
            389674.85000000003,
            5812099.350000001
          ],
          [
            389676.7,
            5812099.5
          ],
          [
            389678.55000000005,
            5812099.7
          ],
          [
            389680.4,
            5812099.850000001
          ],
          [
            389682.2,
            5812100.050000001
          ],
          [
            389684.05000000005,
            5812100.2
          ],
          [
            389685.9,
            5812100.4
          ],
          [
            389687.75,
            5812100.550000001
          ],
          [
            389689.55000000005,
            5812100.75
          ],
          [
            389691.4,
            5812100.9
          ],
          [
            389693.25,
            5812101.050000001
          ],
          [
            389695.10000000003,
            5812101.25
          ],
          [
            389697.05000000005,
            5812101.45
          ],
          [
            389699.05000000005,
            5812101.600000001
          ],
          [
            389701.05000000005,
            5812101.800000001
          ],
          [
            389703.05000000005,
            5812102.0
          ],
          [
            389705.0,
            5812102.2
          ],
          [
            389707.0,
            5812102.350000001
          ],
          [
            389709.0,
            5812102.550000001
          ],
          [
            389710.95,
            5812102.75
          ],
          [
            389712.95,
            5812102.95
          ],
          [
            389714.95,
            5812103.100000001
          ],
          [
            389716.95,
            5812103.300000001
          ],
          [
            389718.9,
            5812103.5
          ],
          [
            389720.9,
            5812103.7
          ],
          [
            389722.9,
            5812103.850000001
          ],
          [
            389724.9,
            5812104.050000001
          ],
          [
            389726.85000000003,
            5812104.25
          ],
          [
            389728.85000000003,
            5812104.45
          ],
          [
            389730.85000000003,
            5812104.600000001
          ],
          [
            389732.85000000003,
            5812104.800000001
          ],
          [
            389734.80000000005,
            5812105.0
          ],
          [
            389736.80000000005,
            5812105.2
          ],
          [
            389738.80000000005,
            5812105.350000001
          ],
          [
            389740.75,
            5812105.550000001
          ],
          [
            389742.75,
            5812105.75
          ],
          [
            389744.75,
            5812105.95
          ],
          [
            389745.47802776465,
            5812105.996903182
          ],
          [
            389745.9474119161,
            5812101.018984087
          ],
          [
            389745.9474119161,
            5812101.018984087
          ],
          [
            389745.47802776465,
            5812105.996903182
          ]
        ]
      },
      "properties": {
        "SRC_ID": "BF_DUCT_000",
        "STAGE": "brownfield",
        "ASSET_TYPE": "duct",
        "INFRA_STATUS": "Existing",
        "VERIFY_STATUS": "Verified",
        "CAPACITY_USED": 3,
        "CAPACITY_TOTAL": 4,
        "POLYGON_ID": "POLY00001",
        "PDP_ID": "PDP00001",
        "REUSE_SOURCE": "",
        "MATERIAL": "HDPE",
        "DIAMETER_MM": 50
      }
    },
    {
      "type": "Feature",
      "geometry": {
        "type": "LineString",
        "coordinates": [
          [
            389431.24287634034,
            5812174.393726567
          ],
          [
            389433.95,
            5812178.600000001
          ],
          [
            389435.4,
            5812177.9
          ],
          [
            389436.75,
            5812176.850000001
          ],
          [
            389438.10000000003,
            5812175.800000001
          ],
          [
            389439.45,
            5812174.800000001
          ],
          [
            389440.60000000003,
            5812173.550000001
          ],
          [
            389441.75,
            5812172.350000001
          ],
          [
            389442.9,
            5812171.100000001
          ],
          [
            389443.7,
            5812169.65
          ],
          [
            389444.55000000005,
            5812168.15
          ],
          [
            389445.4,
            5812166.7
          ],
          [
            389445.85000000003,
            5812165.300000001
          ],
          [
            389446.35000000003,
            5812163.9
          ],
          [
            389446.80000000005,
            5812162.5
          ],
          [
            389447.10000000003,
            5812160.550000001
          ],
          [
            389447.45,
            5812158.600000001
          ],
          [
            389447.80000000005,
            5812156.65
          ],
          [
            389448.15,
            5812154.7
          ],
          [
            389448.45,
            5812152.75
          ],
          [
            389448.80000000005,
            5812150.75
          ],
          [
            389449.15,
            5812148.800000001
          ],
          [
            389449.5,
            5812146.850000001
          ],
          [
            389449.80000000005,
            5812144.9
          ],
          [
            389450.15,
            5812142.95
          ],
          [
            389450.5,
            5812141.0
          ],
          [
            389450.80000000005,
            5812139.050000001
          ],
          [
            389451.15,
            5812137.100000001
          ],
          [
            389451.5,
            5812135.100000001
          ],
          [
            389451.85000000003,
            5812133.15
          ],
          [
            389452.15,
            5812131.2
          ],
          [
            389452.5,
            5812129.25
          ],
          [
            389452.85000000003,
            5812127.300000001
          ],
          [
            389453.2,
            5812125.350000001
          ],
          [
            389453.5,
            5812123.4
          ],
          [
            389453.85000000003,
            5812121.45
          ],
          [
            389454.2,
            5812119.5
          ],
          [
            389454.55000000005,
            5812117.5
          ],
          [
            389454.85000000003,
            5812115.550000001
          ],
          [
            389455.2,
            5812113.600000001
          ],
          [
            389455.55000000005,
            5812111.65
          ],
          [
            389455.9,
            5812109.7
          ],
          [
            389456.2,
            5812107.75
          ],
          [
            389456.55000000005,
            5812105.800000001
          ],
          [
            389456.9,
            5812103.850000001
          ],
          [
            389457.2,
            5812101.850000001
          ],
          [
            389457.55000000005,
            5812099.9
          ],
          [
            389457.9,
            5812097.95
          ],
          [
            389458.25,
            5812096.0
          ],
          [
            389458.55000000005,
            5812094.050000001
          ],
          [
            389458.9,
            5812092.100000001
          ],
          [
            389459.25,
            5812090.15
          ],
          [
            389459.60000000003,
            5812088.2
          ],
          [
            389459.9,
            5812086.2
          ],
          [
            389460.25,
            5812084.25
          ],
          [
            389460.60000000003,
            5812082.300000001
          ],
          [
            389460.95,
            5812080.350000001
          ],
          [
            389461.25,
            5812078.4
          ],
          [
            389461.60000000003,
            5812076.45
          ],
          [
            389461.85000000003,
            5812074.9
          ],
          [
            389461.15,
            5812073.0
          ],
          [
            389459.2,
            5812072.65
          ],
          [
            389457.25,
            5812072.300000001
          ],
          [
            389455.30000000005,
            5812071.95
          ],
          [
            389453.35000000003,
            5812071.600000001
          ],
          [
            389451.4,
            5812071.25
          ],
          [
            389449.4,
            5812070.9
          ],
          [
            389447.45,
            5812070.550000001
          ],
          [
            389445.5,
            5812070.2
          ],
          [
            389443.55000000005,
            5812069.850000001
          ],
          [
            389441.60000000003,
            5812069.5
          ],
          [
            389439.65,
            5812069.15
          ],
          [
            389437.7,
            5812068.800000001
          ],
          [
            389435.7,
            5812068.45
          ],
          [
            389433.75,
            5812068.100000001
          ],
          [
            389431.80000000005,
            5812067.75
          ],
          [
            389429.85000000003,
            5812067.4
          ],
          [
            389427.9,
            5812067.050000001
          ],
          [
            389425.95,
            5812066.7
          ],
          [
            389424.0,
            5812066.350000001
          ],
          [
            389422.05000000005,
            5812066.0
          ],
          [
            389420.05000000005,
            5812065.65
          ],
          [
            389418.10000000003,
            5812065.300000001
          ],
          [
            389416.15,
            5812064.95
          ],
          [
            389414.2,
            5812064.600000001
          ],
          [
            389412.25,
            5812064.25
          ],
          [
            389410.30000000005,
            5812063.9
          ],
          [
            389408.35000000003,
            5812063.550000001
          ],
          [
            389406.35000000003,
            5812063.15
          ],
          [
            389404.4,
            5812062.800000001
          ],
          [
            389402.45,
            5812062.45
          ],
          [
            389400.5,
            5812062.100000001
          ],
          [
            389398.55000000005,
            5812061.75
          ],
          [
            389396.60000000003,
            5812061.4
          ],
          [
            389394.65,
            5812061.050000001
          ],
          [
            389392.65,
            5812060.7
          ],
          [
            389390.7,
            5812060.350000001
          ],
          [
            389388.75,
            5812060.0
          ],
          [
            389386.80000000005,
            5812059.65
          ],
          [
            389384.85000000003,
            5812059.300000001
          ],
          [
            389382.9,
            5812058.95
          ],
          [
            389380.95,
            5812058.600000001
          ],
          [
            389378.95,
            5812058.25
          ],
          [
            389377.0,
            5812057.9
          ],
          [
            389375.05000000005,
            5812057.550000001
          ],
          [
            389373.10000000003,
            5812057.2
          ],
          [
            389371.15,
            5812056.850000001
          ],
          [
            389369.2,
            5812056.5
          ],
          [
            389367.25,
            5812056.15
          ],
          [
            389365.25,
            5812055.800000001
          ],
          [
            389363.30000000005,
            5812055.45
          ],
          [
            389361.35000000003,
            5812055.100000001
          ],
          [
            389359.4,
            5812054.75
          ],
          [
            389357.45,
            5812054.4
          ],
          [
            389355.5,
            5812054.050000001
          ],
          [
            389353.55000000005,
            5812053.7
          ],
          [
            389351.60000000003,
            5812053.350000001
          ],
          [
            389349.65,
            5812053.0
          ],
          [
            389347.7,
            5812052.65
          ],
          [
            389345.75,
            5812052.300000001
          ],
          [
            389343.80000000005,
            5812051.95
          ],
          [
            389341.85000000003,
            5812051.600000001
          ],
          [
            389339.9,
            5812051.25
          ],
          [
            389337.95,
            5812050.9
          ],
          [
            389336.0,
            5812050.550000001
          ],
          [
            389334.05000000005,
            5812050.2
          ],
          [
            389332.10000000003,
            5812049.850000001
          ],
          [
            389330.60000000003,
            5812049.2
          ],
          [
            389329.10000000003,
            5812048.600000001
          ],
          [
            389327.60000000003,
            5812047.95
          ],
          [
            389326.10000000003,
            5812047.350000001
          ],
          [
            389324.80000000005,
            5812046.25
          ],
          [
            389323.45,
            5812045.2
          ],
          [
            389322.15,
            5812044.100000001
          ],
          [
            389320.85000000003,
            5812043.050000001
          ],
          [
            389319.5,
            5812041.95
          ],
          [
            389318.2,
            5812040.9
          ],
          [
            389316.9,
            5812039.850000001
          ],
          [
            389315.60000000003,
            5812038.800000001
          ],
          [
            389314.35000000003,
            5812037.75
          ],
          [
            389313.05000000005,
            5812036.75
          ],
          [
            389311.7,
            5812035.65
          ],
          [
            389310.4,
            5812034.600000001
          ],
          [
            389309.05000000005,
            5812033.5
          ],
          [
            389307.75,
            5812032.4
          ],
          [
            389306.4,
            5812031.350000001
          ],
          [
            389305.15,
            5812030.300000001
          ],
          [
            389303.80000000005,
            5812029.300000001
          ],
          [
            389302.7,
            5812028.45
          ],
          [
            389301.2,
            5812027.25
          ],
          [
            389299.85000000003,
            5812026.2
          ],
          [
            389298.55000000005,
            5812025.2
          ],
          [
            389297.2,
            5812024.15
          ],
          [
            389295.95,
            5812023.2
          ],
          [
            389294.65,
            5812022.2
          ],
          [
            389293.4,
            5812021.2
          ],
          [
            389292.10000000003,
            5812020.2
          ],
          [
            389290.55000000005,
            5812019.0
          ],
          [
            389288.95,
            5812017.800000001
          ],
          [
            389287.4,
            5812016.550000001
          ],
          [
            389285.85000000003,
            5812015.350000001
          ],
          [
            389284.25,
            5812014.15
          ],
          [
            389282.7,
            5812012.9
          ],
          [
            389281.10000000003,
            5812011.7
          ],
          [
            389279.55000000005,
            5812010.5
          ],
          [
            389278.0,
            5812009.25
          ],
          [
            389276.4,
            5812008.050000001
          ],
          [
            389274.85000000003,
            5812006.850000001
          ],
          [
            389273.25,
            5812005.600000001
          ],
          [
            389271.7,
            5812004.4
          ],
          [
            389270.15,
            5812003.2
          ],
          [
            389268.55000000005,
            5812001.95
          ],
          [
            389267.0,
            5812000.75
          ],
          [
            389265.45,
            5811999.550000001
          ],
          [
            389263.85000000003,
            5811998.300000001
          ],
          [
            389262.30000000005,
            5811997.100000001
          ],
          [
            389260.7,
            5811995.9
          ],
          [
            389259.15,
            5811994.7
          ],
          [
            389257.60000000003,
            5811993.45
          ],
          [
            389256.0,
            5811992.25
          ],
          [
            389254.45,
            5811991.050000001
          ],
          [
            389252.85000000003,
            5811989.800000001
          ],
          [
            389251.30000000005,
            5811988.600000001
          ],
          [
            389249.75,
            5811987.4
          ],
          [
            389248.15,
            5811986.15
          ],
          [
            389246.60000000003,
            5811984.95
          ],
          [
            389245.0,
            5811983.75
          ],
          [
            389243.45,
            5811982.5
          ],
          [
            389241.9,
            5811981.300000001
          ],
          [
            389240.30000000005,
            5811980.100000001
          ],
          [
            389238.75,
            5811978.850000001
          ],
          [
            389237.15,
            5811977.65
          ],
          [
            389235.60000000003,
            5811976.45
          ],
          [
            389234.05000000005,
            5811975.2
          ],
          [
            389232.45,
            5811974.0
          ],
          [
            389230.9,
            5811972.800000001
          ],
          [
            389229.30000000005,
            5811971.550000001
          ],
          [
            389227.75,
            5811970.350000001
          ],
          [
            389226.2,
            5811969.15
          ],
          [
            389224.60000000003,
            5811967.9
          ],
          [
            389223.05000000005,
            5811966.7
          ],
          [
            389221.45,
            5811965.5
          ],
          [
            389219.9,
            5811964.25
          ],
          [
            389218.35000000003,
            5811963.050000001
          ],
          [
            389216.75,
            5811961.850000001
          ],
          [
            389215.2,
            5811960.600000001
          ],
          [
            389213.60000000003,
            5811959.4
          ],
          [
            389212.05000000005,
            5811958.2
          ],
          [
            389210.5,
            5811956.95
          ],
          [
            389208.9,
            5811955.75
          ],
          [
            389207.35000000003,
            5811954.550000001
          ],
          [
            389205.75,
            5811953.300000001
          ],
          [
            389204.2,
            5811952.100000001
          ],
          [
            389202.65,
            5811950.9
          ],
          [
            389201.05000000005,
            5811949.7
          ],
          [
            389199.5,
            5811948.45
          ],
          [
            389197.9,
            5811947.25
          ],
          [
            389196.35000000003,
            5811946.050000001
          ],
          [
            389194.80000000005,
            5811944.800000001
          ],
          [
            389193.2,
            5811943.600000001
          ],
          [
            389191.65,
            5811942.4
          ],
          [
            389190.05000000005,
            5811941.15
          ],
          [
            389188.5,
            5811939.95
          ],
          [
            389186.95,
            5811938.75
          ],
          [
            389185.35000000003,
            5811937.5
          ],
          [
            389183.80000000005,
            5811936.300000001
          ],
          [
            389182.2,
            5811935.100000001
          ],
          [
            389180.65,
            5811933.850000001
          ],
          [
            389179.10000000003,
            5811932.65
          ],
          [
            389177.5,
            5811931.45
          ],
          [
            389175.95,
            5811930.2
          ],
          [
            389174.4,
            5811929.0
          ],
          [
            389172.80000000005,
            5811927.800000001
          ],
          [
            389171.25,
            5811926.550000001
          ],
          [
            389169.65,
            5811925.350000001
          ],
          [
            389168.10000000003,
            5811924.15
          ],
          [
            389166.55000000005,
            5811922.9
          ],
          [
            389164.95,
            5811921.7
          ],
          [
            389163.4,
            5811920.5
          ],
          [
            389161.80000000005,
            5811919.25
          ],
          [
            389160.25,
            5811918.050000001
          ],
          [
            389158.7,
            5811916.850000001
          ],
          [
            389157.10000000003,
            5811915.600000001
          ],
          [
            389155.55000000005,
            5811914.4
          ],
          [
            389153.95,
            5811913.2
          ],
          [
            389152.4,
            5811911.95
          ],
          [
            389150.85000000003,
            5811910.75
          ],
          [
            389149.25,
            5811909.550000001
          ],
          [
            389147.7,
            5811908.300000001
          ],
          [
            389146.10000000003,
            5811907.100000001
          ],
          [
            389144.55000000005,
            5811905.9
          ],
          [
            389143.0,
            5811904.7
          ],
          [
            389141.4,
            5811903.45
          ],
          [
            389139.85000000003,
            5811902.25
          ],
          [
            389138.25,
            5811901.050000001
          ],
          [
            389136.7,
            5811899.800000001
          ],
          [
            389135.15,
            5811898.600000001
          ],
          [
            389133.55000000005,
            5811897.4
          ],
          [
            389132.0,
            5811896.15
          ],
          [
            389130.4,
            5811894.95
          ],
          [
            389128.85000000003,
            5811893.75
          ],
          [
            389127.30000000005,
            5811892.5
          ],
          [
            389125.7,
            5811891.300000001
          ],
          [
            389124.15,
            5811890.100000001
          ],
          [
            389122.55000000005,
            5811888.850000001
          ],
          [
            389121.0,
            5811887.65
          ],
          [
            389119.45,
            5811886.45
          ],
          [
            389117.85000000003,
            5811885.2
          ],
          [
            389116.30000000005,
            5811884.0
          ],
          [
            389114.7,
            5811882.800000001
          ],
          [
            389113.15,
            5811881.550000001
          ],
          [
            389111.60000000003,
            5811880.350000001
          ],
          [
            389110.0,
            5811879.15
          ],
          [
            389108.45,
            5811877.9
          ],
          [
            389106.85000000003,
            5811876.7
          ],
          [
            389105.30000000005,
            5811875.5
          ],
          [
            389103.75,
            5811874.25
          ],
          [
            389102.15,
            5811873.050000001
          ],
          [
            389100.60000000003,
            5811871.850000001
          ],
          [
            389099.0,
            5811870.600000001
          ],
          [
            389097.45,
            5811869.4
          ],
          [
            389095.9,
            5811868.2
          ],
          [
            389094.30000000005,
            5811866.95
          ],
          [
            389092.75,
            5811865.75
          ],
          [
            389091.2,
            5811864.550000001
          ],
          [
            389089.60000000003,
            5811863.300000001
          ],
          [
            389088.25,
            5811862.300000001
          ],
          [
            389086.85000000003,
            5811861.25
          ],
          [
            389085.5,
            5811860.2
          ],
          [
            389084.10000000003,
            5811859.2
          ],
          [
            389082.7,
            5811858.25
          ],
          [
            389080.9,
            5811859.100000001
          ],
          [
            389079.15,
            5811859.95
          ],
          [
            389077.4,
            5811860.75
          ],
          [
            389075.65,
            5811861.600000001
          ],
          [
            389073.85000000003,
            5811862.45
          ],
          [
            389072.05000000005,
            5811863.300000001
          ],
          [
            389070.25,
            5811864.15
          ],
          [
            389068.45,
            5811865.0
          ],
          [
            389066.65,
            5811865.850000001
          ],
          [
            389064.85000000003,
            5811866.75
          ],
          [
            389063.05000000005,
            5811867.600000001
          ],
          [
            389061.25,
            5811868.45
          ],
          [
            389059.45,
            5811869.300000001
          ],
          [
            389057.65,
            5811870.15
          ],
          [
            389055.85000000003,
            5811871.0
          ],
          [
            389054.05000000005,
            5811871.850000001
          ],
          [
            389052.25,
            5811872.7
          ],
          [
            389050.45,
            5811873.550000001
          ],
          [
            389048.65,
            5811874.4
          ],
          [
            389046.85000000003,
            5811875.300000001
          ],
          [
            389045.05000000005,
            5811876.15
          ],
          [
            389043.25,
            5811877.0
          ],
          [
            389041.45,
            5811877.850000001
          ],
          [
            389039.65,
            5811878.7
          ],
          [
            389037.85000000003,
            5811879.550000001
          ],
          [
            389036.05000000005,
            5811880.4
          ],
          [
            389034.25,
            5811881.25
          ],
          [
            389032.45,
            5811882.100000001
          ],
          [
            389030.65,
            5811882.95
          ],
          [
            389028.85000000003,
            5811883.800000001
          ],
          [
            389027.05000000005,
            5811884.7
          ],
          [
            389025.25,
            5811885.550000001
          ],
          [
            389023.45,
            5811886.4
          ],
          [
            389023.7699930702,
            5811886.226500547
          ],
          [
            389052.47200385,
            5811946.6674115835
          ],
          [
            389052.47200385,
            5811946.6674115835
          ],
          [
            389023.7699930702,
            5811886.226500547
          ]
        ]
      },
      "properties": {
        "SRC_ID": "BF_DUCT_001",
        "STAGE": "brownfield",
        "ASSET_TYPE": "duct",
        "INFRA_STATUS": "Existing",
        "VERIFY_STATUS": "Survey Required",
        "CAPACITY_USED": 4,
        "CAPACITY_TOTAL": 4,
        "POLYGON_ID": "POLY00004",
        "PDP_ID": "PDP00004",
        "REUSE_SOURCE": "",
        "MATERIAL": "PVC",
        "DIAMETER_MM": 50
      }
    },
    {
      "type": "Feature",
      "geometry": {
        "type": "LineString",
        "coordinates": [
          [
            389431.24287634034,
            5812174.393726567
          ],
          [
            389433.95,
            5812178.600000001
          ],
          [
            389435.4,
            5812177.9
          ],
          [
            389436.75,
            5812176.850000001
          ],
          [
            389438.10000000003,
            5812175.800000001
          ],
          [
            389439.45,
            5812174.800000001
          ],
          [
            389440.60000000003,
            5812173.550000001
          ],
          [
            389441.75,
            5812172.350000001
          ],
          [
            389442.9,
            5812171.100000001
          ],
          [
            389443.7,
            5812169.65
          ],
          [
            389444.55000000005,
            5812168.15
          ],
          [
            389445.4,
            5812166.7
          ],
          [
            389445.85000000003,
            5812165.300000001
          ],
          [
            389446.35000000003,
            5812163.9
          ],
          [
            389446.80000000005,
            5812162.5
          ],
          [
            389447.10000000003,
            5812160.550000001
          ],
          [
            389447.45,
            5812158.600000001
          ],
          [
            389447.80000000005,
            5812156.65
          ],
          [
            389448.15,
            5812154.7
          ],
          [
            389448.45,
            5812152.75
          ],
          [
            389448.80000000005,
            5812150.75
          ],
          [
            389449.15,
            5812148.800000001
          ],
          [
            389449.5,
            5812146.850000001
          ],
          [
            389449.80000000005,
            5812144.9
          ],
          [
            389450.15,
            5812142.95
          ],
          [
            389450.5,
            5812141.0
          ],
          [
            389450.80000000005,
            5812139.050000001
          ],
          [
            389451.15,
            5812137.100000001
          ],
          [
            389451.5,
            5812135.100000001
          ],
          [
            389451.85000000003,
            5812133.15
          ],
          [
            389452.15,
            5812131.2
          ],
          [
            389452.5,
            5812129.25
          ],
          [
            389452.85000000003,
            5812127.300000001
          ],
          [
            389453.2,
            5812125.350000001
          ],
          [
            389453.5,
            5812123.4
          ],
          [
            389453.85000000003,
            5812121.45
          ],
          [
            389454.2,
            5812119.5
          ],
          [
            389454.55000000005,
            5812117.5
          ],
          [
            389454.85000000003,
            5812115.550000001
          ],
          [
            389455.2,
            5812113.600000001
          ],
          [
            389455.55000000005,
            5812111.65
          ],
          [
            389455.9,
            5812109.7
          ],
          [
            389456.2,
            5812107.75
          ],
          [
            389456.55000000005,
            5812105.800000001
          ],
          [
            389456.9,
            5812103.850000001
          ],
          [
            389457.2,
            5812101.850000001
          ],
          [
            389457.55000000005,
            5812099.9
          ],
          [
            389457.9,
            5812097.95
          ],
          [
            389458.25,
            5812096.0
          ],
          [
            389458.55000000005,
            5812094.050000001
          ],
          [
            389458.9,
            5812092.100000001
          ],
          [
            389459.25,
            5812090.15
          ],
          [
            389459.60000000003,
            5812088.2
          ],
          [
            389459.9,
            5812086.2
          ],
          [
            389460.25,
            5812084.25
          ],
          [
            389460.60000000003,
            5812082.300000001
          ],
          [
            389460.95,
            5812080.350000001
          ],
          [
            389461.25,
            5812078.4
          ],
          [
            389461.60000000003,
            5812076.45
          ],
          [
            389461.85000000003,
            5812074.9
          ],
          [
            389461.15,
            5812073.0
          ],
          [
            389459.2,
            5812072.65
          ],
          [
            389457.25,
            5812072.300000001
          ],
          [
            389455.30000000005,
            5812071.95
          ],
          [
            389453.35000000003,
            5812071.600000001
          ],
          [
            389451.4,
            5812071.25
          ],
          [
            389449.4,
            5812070.9
          ],
          [
            389447.45,
            5812070.550000001
          ],
          [
            389445.5,
            5812070.2
          ],
          [
            389443.55000000005,
            5812069.850000001
          ],
          [
            389441.60000000003,
            5812069.5
          ],
          [
            389439.65,
            5812069.15
          ],
          [
            389437.7,
            5812068.800000001
          ],
          [
            389435.7,
            5812068.45
          ],
          [
            389433.75,
            5812068.100000001
          ],
          [
            389431.80000000005,
            5812067.75
          ],
          [
            389429.85000000003,
            5812067.4
          ],
          [
            389427.9,
            5812067.050000001
          ],
          [
            389425.95,
            5812066.7
          ],
          [
            389424.0,
            5812066.350000001
          ],
          [
            389422.05000000005,
            5812066.0
          ],
          [
            389420.05000000005,
            5812065.65
          ],
          [
            389418.10000000003,
            5812065.300000001
          ],
          [
            389416.15,
            5812064.95
          ],
          [
            389414.2,
            5812064.600000001
          ],
          [
            389412.25,
            5812064.25
          ],
          [
            389410.30000000005,
            5812063.9
          ],
          [
            389408.35000000003,
            5812063.550000001
          ],
          [
            389406.35000000003,
            5812063.15
          ],
          [
            389404.4,
            5812062.800000001
          ],
          [
            389402.45,
            5812062.45
          ],
          [
            389400.5,
            5812062.100000001
          ],
          [
            389398.55000000005,
            5812061.75
          ],
          [
            389396.60000000003,
            5812061.4
          ],
          [
            389394.65,
            5812061.050000001
          ],
          [
            389392.65,
            5812060.7
          ],
          [
            389390.7,
            5812060.350000001
          ],
          [
            389388.75,
            5812060.0
          ],
          [
            389386.80000000005,
            5812059.65
          ],
          [
            389384.85000000003,
            5812059.300000001
          ],
          [
            389382.9,
            5812058.95
          ],
          [
            389380.95,
            5812058.600000001
          ],
          [
            389378.95,
            5812058.25
          ],
          [
            389377.0,
            5812057.9
          ],
          [
            389375.05000000005,
            5812057.550000001
          ],
          [
            389373.10000000003,
            5812057.2
          ],
          [
            389371.15,
            5812056.850000001
          ],
          [
            389369.2,
            5812056.5
          ],
          [
            389367.25,
            5812056.15
          ],
          [
            389365.25,
            5812055.800000001
          ],
          [
            389363.30000000005,
            5812055.45
          ],
          [
            389361.35000000003,
            5812055.100000001
          ],
          [
            389359.4,
            5812054.75
          ],
          [
            389357.45,
            5812054.4
          ],
          [
            389355.5,
            5812054.050000001
          ],
          [
            389353.55000000005,
            5812053.7
          ],
          [
            389351.60000000003,
            5812053.350000001
          ],
          [
            389349.65,
            5812053.0
          ],
          [
            389347.7,
            5812052.65
          ],
          [
            389345.75,
            5812052.300000001
          ],
          [
            389343.80000000005,
            5812051.95
          ],
          [
            389341.85000000003,
            5812051.600000001
          ],
          [
            389339.9,
            5812051.25
          ],
          [
            389337.95,
            5812050.9
          ],
          [
            389336.0,
            5812050.550000001
          ],
          [
            389334.05000000005,
            5812050.2
          ],
          [
            389332.10000000003,
            5812049.850000001
          ],
          [
            389330.60000000003,
            5812049.2
          ],
          [
            389329.10000000003,
            5812048.600000001
          ],
          [
            389327.60000000003,
            5812047.95
          ],
          [
            389326.10000000003,
            5812047.350000001
          ],
          [
            389324.80000000005,
            5812046.25
          ],
          [
            389323.45,
            5812045.2
          ],
          [
            389322.15,
            5812044.100000001
          ],
          [
            389320.85000000003,
            5812043.050000001
          ],
          [
            389319.5,
            5812041.95
          ],
          [
            389318.2,
            5812040.9
          ],
          [
            389316.9,
            5812039.850000001
          ],
          [
            389315.60000000003,
            5812038.800000001
          ],
          [
            389314.35000000003,
            5812037.75
          ],
          [
            389313.05000000005,
            5812036.75
          ],
          [
            389311.7,
            5812035.65
          ],
          [
            389310.4,
            5812034.600000001
          ],
          [
            389309.05000000005,
            5812033.5
          ],
          [
            389308.10000000003,
            5812031.350000001
          ],
          [
            389309.35000000003,
            5812029.75
          ],
          [
            389310.55000000005,
            5812028.2
          ],
          [
            389311.75,
            5812026.600000001
          ],
          [
            389312.95,
            5812025.050000001
          ],
          [
            389314.10000000003,
            5812023.5
          ],
          [
            389315.30000000005,
            5812021.9
          ],
          [
            389316.5,
            5812020.350000001
          ],
          [
            389317.7,
            5812018.800000001
          ],
          [
            389318.60000000003,
            5812017.600000001
          ],
          [
            389319.5,
            5812016.4
          ],
          [
            389320.7,
            5812014.850000001
          ],
          [
            389319.80000000005,
            5812012.600000001
          ],
          [
            389318.30000000005,
            5812011.4
          ],
          [
            389317.15,
            5812009.65
          ],
          [
            389318.35000000003,
            5812008.050000001
          ],
          [
            389319.55000000005,
            5812006.5
          ],
          [
            389320.75,
            5812004.9
          ],
          [
            389321.9,
            5812003.350000001
          ],
          [
            389323.10000000003,
            5812001.800000001
          ],
          [
            389324.30000000005,
            5812000.2
          ],
          [
            389325.5,
            5811998.65
          ],
          [
            389326.7,
            5811997.050000001
          ],
          [
            389327.9,
            5811995.5
          ],
          [
            389329.10000000003,
            5811993.9
          ],
          [
            389330.30000000005,
            5811992.350000001
          ],
          [
            389331.5,
            5811990.75
          ],
          [
            389332.7,
            5811989.2
          ],
          [
            389333.9,
            5811987.600000001
          ],
          [
            389335.10000000003,
            5811986.050000001
          ],
          [
            389336.30000000005,
            5811984.45
          ],
          [
            389337.5,
            5811982.9
          ],
          [
            389338.7,
            5811981.300000001
          ],
          [
            389339.85000000003,
            5811979.75
          ],
          [
            389341.05000000005,
            5811978.2
          ],
          [
            389342.25,
            5811976.600000001
          ],
          [
            389343.45,
            5811975.050000001
          ],
          [
            389344.65,
            5811973.45
          ],
          [
            389345.85000000003,
            5811971.9
          ],
          [
            389347.05000000005,
            5811970.300000001
          ],
          [
            389348.25,
            5811968.75
          ],
          [
            389349.45,
            5811967.15
          ],
          [
            389350.65,
            5811965.600000001
          ],
          [
            389351.85000000003,
            5811964.0
          ],
          [
            389353.05000000005,
            5811962.45
          ],
          [
            389354.25,
            5811960.850000001
          ],
          [
            389355.45,
            5811959.300000001
          ],
          [
            389356.65,
            5811957.75
          ],
          [
            389357.80000000005,
            5811956.15
          ],
          [
            389359.0,
            5811954.600000001
          ],
          [
            389360.2,
            5811953.0
          ],
          [
            389361.4,
            5811951.45
          ],
          [
            389362.60000000003,
            5811949.850000001
          ],
          [
            389363.80000000005,
            5811948.300000001
          ],
          [
            389365.0,
            5811946.7
          ],
          [
            389366.2,
            5811945.15
          ],
          [
            389367.4,
            5811943.550000001
          ],
          [
            389368.60000000003,
            5811942.0
          ],
          [
            389369.80000000005,
            5811940.4
          ],
          [
            389371.0,
            5811938.850000001
          ],
          [
            389372.2,
            5811937.25
          ],
          [
            389373.4,
            5811935.7
          ],
          [
            389374.60000000003,
            5811934.15
          ],
          [
            389375.75,
            5811932.550000001
          ],
          [
            389376.95,
            5811931.0
          ],
          [
            389378.15,
            5811929.4
          ],
          [
            389379.35000000003,
            5811927.850000001
          ],
          [
            389380.55000000005,
            5811926.25
          ],
          [
            389381.75,
            5811924.7
          ],
          [
            389382.95,
            5811923.100000001
          ],
          [
            389384.15,
            5811921.550000001
          ],
          [
            389385.35000000003,
            5811919.95
          ],
          [
            389386.55000000005,
            5811918.4
          ],
          [
            389387.75,
            5811916.800000001
          ],
          [
            389388.95,
            5811915.25
          ],
          [
            389390.15,
            5811913.65
          ],
          [
            389391.35000000003,
            5811912.100000001
          ],
          [
            389392.55000000005,
            5811910.550000001
          ],
          [
            389393.7,
            5811908.95
          ],
          [
            389394.9,
            5811907.4
          ],
          [
            389396.10000000003,
            5811905.800000001
          ],
          [
            389397.30000000005,
            5811904.25
          ],
          [
            389398.5,
            5811902.65
          ],
          [
            389399.7,
            5811901.100000001
          ],
          [
            389400.9,
            5811899.5
          ],
          [
            389402.10000000003,
            5811897.95
          ],
          [
            389403.30000000005,
            5811896.350000001
          ],
          [
            389404.5,
            5811894.800000001
          ],
          [
            389405.7,
            5811893.2
          ],
          [
            389404.25,
            5811891.100000001
          ],
          [
            389402.5,
            5811890.15
          ],
          [
            389400.80000000005,
            5811889.2
          ],
          [
            389399.05000000005,
            5811888.25
          ],
          [
            389397.30000000005,
            5811887.300000001
          ],
          [
            389395.60000000003,
            5811886.350000001
          ],
          [
            389393.85000000003,
            5811885.4
          ],
          [
            389392.15,
            5811884.5
          ],
          [
            389390.4,
            5811883.550000001
          ],
          [
            389388.7,
            5811882.600000001
          ],
          [
            389386.95,
            5811881.65
          ],
          [
            389385.25,
            5811880.7
          ],
          [
            389383.5,
            5811879.75
          ],
          [
            389381.75,
            5811878.800000001
          ],
          [
            389380.05000000005,
            5811877.9
          ],
          [
            389378.30000000005,
            5811876.95
          ],
          [
            389376.60000000003,
            5811876.0
          ],
          [
            389374.85000000003,
            5811875.050000001
          ],
          [
            389373.15,
            5811874.100000001
          ],
          [
            389371.4,
            5811873.15
          ],
          [
            389369.7,
            5811872.2
          ],
          [
            389367.95,
            5811871.25
          ],
          [
            389366.2,
            5811870.350000001
          ],
          [
            389364.5,
            5811869.4
          ],
          [
            389364.88220447337,
            5811869.6013899995
          ],
          [
            389362.4871714154,
            5811873.990446464
          ],
          [
            389362.4871714154,
            5811873.990446464
          ],
          [
            389364.88220447337,
            5811869.6013899995
          ]
        ]
      },
      "properties": {
        "SRC_ID": "BF_DUCT_002",
        "STAGE": "brownfield",
        "ASSET_TYPE": "duct",
        "INFRA_STATUS": "Existing",
        "VERIFY_STATUS": "Verified",
        "CAPACITY_USED": 4,
        "CAPACITY_TOTAL": 4,
        "POLYGON_ID": "POLY00007",
        "PDP_ID": "PDP00007",
        "REUSE_SOURCE": "",
        "MATERIAL": "PVC",
        "DIAMETER_MM": 63
      }
    },
    {
      "type": "Feature",
      "geometry": {
        "type": "LineString",
        "coordinates": [
          [
            389431.24287634034,
            5812174.393726567
          ],
          [
            389433.95,
            5812178.600000001
          ],
          [
            389435.4,
            5812177.9
          ],
          [
            389436.75,
            5812176.850000001
          ],
          [
            389438.10000000003,
            5812175.800000001
          ],
          [
            389439.45,
            5812174.800000001
          ],
          [
            389440.60000000003,
            5812173.550000001
          ],
          [
            389441.75,
            5812172.350000001
          ],
          [
            389442.9,
            5812171.100000001
          ],
          [
            389443.7,
            5812169.65
          ],
          [
            389444.55000000005,
            5812168.15
          ],
          [
            389445.4,
            5812166.7
          ],
          [
            389445.85000000003,
            5812165.300000001
          ],
          [
            389446.35000000003,
            5812163.9
          ],
          [
            389446.80000000005,
            5812162.5
          ],
          [
            389447.10000000003,
            5812160.550000001
          ],
          [
            389447.45,
            5812158.600000001
          ],
          [
            389447.80000000005,
            5812156.65
          ],
          [
            389448.15,
            5812154.7
          ],
          [
            389448.45,
            5812152.75
          ],
          [
            389448.80000000005,
            5812150.75
          ],
          [
            389449.15,
            5812148.800000001
          ],
          [
            389449.5,
            5812146.850000001
          ],
          [
            389449.80000000005,
            5812144.9
          ],
          [
            389450.15,
            5812142.95
          ],
          [
            389450.5,
            5812141.0
          ],
          [
            389450.80000000005,
            5812139.050000001
          ],
          [
            389451.15,
            5812137.100000001
          ],
          [
            389451.5,
            5812135.100000001
          ],
          [
            389451.85000000003,
            5812133.15
          ],
          [
            389452.15,
            5812131.2
          ],
          [
            389452.5,
            5812129.25
          ],
          [
            389452.85000000003,
            5812127.300000001
          ],
          [
            389453.2,
            5812125.350000001
          ],
          [
            389453.5,
            5812123.4
          ],
          [
            389453.85000000003,
            5812121.45
          ],
          [
            389454.2,
            5812119.5
          ],
          [
            389454.55000000005,
            5812117.5
          ],
          [
            389454.85000000003,
            5812115.550000001
          ],
          [
            389455.2,
            5812113.600000001
          ],
          [
            389455.55000000005,
            5812111.65
          ],
          [
            389455.9,
            5812109.7
          ],
          [
            389456.2,
            5812107.75
          ],
          [
            389456.55000000005,
            5812105.800000001
          ],
          [
            389456.9,
            5812103.850000001
          ],
          [
            389457.2,
            5812101.850000001
          ],
          [
            389457.55000000005,
            5812099.9
          ],
          [
            389457.9,
            5812097.95
          ],
          [
            389458.25,
            5812096.0
          ],
          [
            389458.55000000005,
            5812094.050000001
          ],
          [
            389458.9,
            5812092.100000001
          ],
          [
            389459.25,
            5812090.15
          ],
          [
            389459.60000000003,
            5812088.2
          ],
          [
            389459.9,
            5812086.2
          ],
          [
            389460.25,
            5812084.25
          ],
          [
            389460.60000000003,
            5812082.300000001
          ],
          [
            389460.95,
            5812080.350000001
          ],
          [
            389461.25,
            5812078.4
          ],
          [
            389461.60000000003,
            5812076.45
          ],
          [
            389461.85000000003,
            5812074.9
          ],
          [
            389463.10000000003,
            5812073.350000001
          ],
          [
            389465.10000000003,
            5812073.75
          ],
          [
            389467.0,
            5812074.100000001
          ],
          [
            389468.95,
            5812074.45
          ],
          [
            389470.9,
            5812074.800000001
          ],
          [
            389472.85000000003,
            5812075.2
          ],
          [
            389474.80000000005,
            5812075.550000001
          ],
          [
            389476.75,
            5812075.9
          ],
          [
            389478.7,
            5812076.25
          ],
          [
            389480.65,
            5812076.65
          ],
          [
            389482.60000000003,
            5812077.0
          ],
          [
            389484.80000000005,
            5812077.15
          ],
          [
            389485.10000000003,
            5812075.25
          ],
          [
            389485.45,
            5812073.350000001
          ],
          [
            389487.60000000003,
            5812071.850000001
          ],
          [
            389489.55000000005,
            5812072.2
          ],
          [
            389491.45,
            5812072.550000001
          ],
          [
            389493.4,
            5812072.9
          ],
          [
            389495.35000000003,
            5812073.300000001
          ],
          [
            389497.30000000005,
            5812073.65
          ],
          [
            389499.25,
            5812074.0
          ],
          [
            389501.2,
            5812074.350000001
          ],
          [
            389503.15,
            5812074.75
          ],
          [
            389505.10000000003,
            5812075.100000001
          ],
          [
            389507.05000000005,
            5812075.45
          ],
          [
            389509.0,
            5812075.850000001
          ],
          [
            389510.95,
            5812076.2
          ],
          [
            389512.9,
            5812076.550000001
          ],
          [
            389514.85000000003,
            5812076.9
          ],
          [
            389516.80000000005,
            5812077.300000001
          ],
          [
            389518.75,
            5812077.65
          ],
          [
            389520.7,
            5812078.0
          ],
          [
            389522.65,
            5812078.350000001
          ],
          [
            389524.55000000005,
            5812078.75
          ],
          [
            389526.5,
            5812079.100000001
          ],
          [
            389528.45,
            5812079.45
          ],
          [
            389530.4,
            5812079.850000001
          ],
          [
            389531.5,
            5812077.350000001
          ],
          [
            389531.75,
            5812075.45
          ],
          [
            389532.0,
            5812073.5
          ],
          [
            389532.25,
            5812071.550000001
          ],
          [
            389532.5,
            5812069.600000001
          ],
          [
            389532.75,
            5812067.65
          ],
          [
            389533.0,
            5812065.7
          ],
          [
            389533.25,
            5812063.800000001
          ],
          [
            389533.5,
            5812061.850000001
          ],
          [
            389533.7,
            5812059.9
          ],
          [
            389533.7915715162,
            5812059.35252804
          ],
          [
            389528.83119078836,
            5812058.724337754
          ],
          [
            389528.83119078836,
            5812058.724337754
          ],
          [
            389533.7915715162,
            5812059.35252804
          ]
        ]
      },
      "properties": {
        "SRC_ID": "BF_DUCT_003",
        "STAGE": "brownfield",
        "ASSET_TYPE": "duct",
        "INFRA_STATUS": "Existing",
        "VERIFY_STATUS": "Assumed",
        "CAPACITY_USED": 0,
        "CAPACITY_TOTAL": 4,
        "POLYGON_ID": "POLY00010",
        "PDP_ID": "PDP00010",
        "REUSE_SOURCE": "",
        "MATERIAL": "PVC",
        "DIAMETER_MM": 50
      }
    },
    {
      "type": "Feature",
      "geometry": {
        "type": "LineString",
        "coordinates": [
          [
            389431.24287634034,
            5812174.393726567
          ],
          [
            389433.95,
            5812178.600000001
          ],
          [
            389435.4,
            5812177.9
          ],
          [
            389436.75,
            5812176.850000001
          ],
          [
            389438.10000000003,
            5812175.800000001
          ],
          [
            389439.45,
            5812174.800000001
          ],
          [
            389440.60000000003,
            5812173.550000001
          ],
          [
            389441.75,
            5812172.350000001
          ],
          [
            389442.9,
            5812171.100000001
          ],
          [
            389443.7,
            5812169.65
          ],
          [
            389444.55000000005,
            5812168.15
          ],
          [
            389445.4,
            5812166.7
          ],
          [
            389445.85000000003,
            5812165.300000001
          ],
          [
            389446.35000000003,
            5812163.9
          ],
          [
            389446.80000000005,
            5812162.5
          ],
          [
            389447.10000000003,
            5812160.550000001
          ],
          [
            389447.45,
            5812158.600000001
          ],
          [
            389447.80000000005,
            5812156.65
          ],
          [
            389448.15,
            5812154.7
          ],
          [
            389448.45,
            5812152.75
          ],
          [
            389448.80000000005,
            5812150.75
          ],
          [
            389449.15,
            5812148.800000001
          ],
          [
            389449.5,
            5812146.850000001
          ],
          [
            389449.80000000005,
            5812144.9
          ],
          [
            389450.15,
            5812142.95
          ],
          [
            389450.5,
            5812141.0
          ],
          [
            389450.80000000005,
            5812139.050000001
          ],
          [
            389451.15,
            5812137.100000001
          ],
          [
            389451.5,
            5812135.100000001
          ],
          [
            389451.85000000003,
            5812133.15
          ],
          [
            389452.15,
            5812131.2
          ],
          [
            389452.5,
            5812129.25
          ],
          [
            389452.85000000003,
            5812127.300000001
          ],
          [
            389453.2,
            5812125.350000001
          ],
          [
            389453.5,
            5812123.4
          ],
          [
            389453.85000000003,
            5812121.45
          ],
          [
            389454.2,
            5812119.5
          ],
          [
            389454.55000000005,
            5812117.5
          ],
          [
            389454.85000000003,
            5812115.550000001
          ],
          [
            389455.2,
            5812113.600000001
          ],
          [
            389455.55000000005,
            5812111.65
          ],
          [
            389455.9,
            5812109.7
          ],
          [
            389456.2,
            5812107.75
          ],
          [
            389456.55000000005,
            5812105.800000001
          ],
          [
            389456.9,
            5812103.850000001
          ],
          [
            389457.2,
            5812101.850000001
          ],
          [
            389457.55000000005,
            5812099.9
          ],
          [
            389457.9,
            5812097.95
          ],
          [
            389458.25,
            5812096.0
          ],
          [
            389458.55000000005,
            5812094.050000001
          ],
          [
            389458.9,
            5812092.100000001
          ],
          [
            389459.25,
            5812090.15
          ],
          [
            389459.60000000003,
            5812088.2
          ],
          [
            389459.9,
            5812086.2
          ],
          [
            389460.25,
            5812084.25
          ],
          [
            389460.60000000003,
            5812082.300000001
          ],
          [
            389460.95,
            5812080.350000001
          ],
          [
            389461.25,
            5812078.4
          ],
          [
            389461.60000000003,
            5812076.45
          ],
          [
            389461.85000000003,
            5812074.9
          ],
          [
            389463.10000000003,
            5812073.350000001
          ],
          [
            389465.10000000003,
            5812073.75
          ],
          [
            389467.0,
            5812074.100000001
          ],
          [
            389467.80000000005,
            5812075.9
          ],
          [
            389467.5,
            5812077.45
          ],
          [
            389467.2,
            5812079.4
          ],
          [
            389466.85000000003,
            5812081.4
          ],
          [
            389466.5,
            5812083.350000001
          ],
          [
            389466.15,
            5812085.300000001
          ],
          [
            389465.80000000005,
            5812087.300000001
          ],
          [
            389465.5,
            5812089.25
          ],
          [
            389465.15,
            5812091.2
          ],
          [
            389464.80000000005,
            5812093.2
          ],
          [
            389464.45,
            5812095.15
          ],
          [
            389464.15,
            5812097.100000001
          ],
          [
            389463.80000000005,
            5812099.100000001
          ],
          [
            389463.45,
            5812101.050000001
          ],
          [
            389463.10000000003,
            5812103.0
          ],
          [
            389462.80000000005,
            5812105.0
          ],
          [
            389462.45,
            5812106.95
          ],
          [
            389462.10000000003,
            5812108.9
          ],
          [
            389461.75,
            5812110.9
          ],
          [
            389461.4,
            5812112.850000001
          ],
          [
            389461.10000000003,
            5812114.800000001
          ],
          [
            389460.75,
            5812116.800000001
          ],
          [
            389460.4,
            5812118.75
          ],
          [
            389460.05000000005,
            5812120.7
          ],
          [
            389459.75,
            5812122.65
          ],
          [
            389459.4,
            5812124.65
          ],
          [
            389459.05000000005,
            5812126.600000001
          ],
          [
            389458.7,
            5812128.550000001
          ],
          [
            389458.4,
            5812130.550000001
          ],
          [
            389458.05000000005,
            5812132.5
          ],
          [
            389457.7,
            5812134.45
          ],
          [
            389457.35000000003,
            5812136.45
          ],
          [
            389457.0,
            5812138.4
          ],
          [
            389456.7,
            5812140.350000001
          ],
          [
            389456.35000000003,
            5812142.350000001
          ],
          [
            389456.0,
            5812144.300000001
          ],
          [
            389455.65,
            5812146.25
          ],
          [
            389455.35000000003,
            5812148.25
          ],
          [
            389455.0,
            5812150.2
          ],
          [
            389454.65,
            5812152.15
          ],
          [
            389454.30000000005,
            5812154.15
          ],
          [
            389454.0,
            5812156.100000001
          ],
          [
            389453.65,
            5812158.050000001
          ],
          [
            389453.30000000005,
            5812160.050000001
          ],
          [
            389452.95,
            5812162.0
          ],
          [
            389452.60000000003,
            5812163.95
          ],
          [
            389452.05000000005,
            5812165.7
          ],
          [
            389451.5,
            5812167.4
          ],
          [
            389450.9,
            5812169.15
          ],
          [
            389450.15,
            5812170.550000001
          ],
          [
            389449.35000000003,
            5812171.9
          ],
          [
            389448.55000000005,
            5812173.300000001
          ],
          [
            389447.75,
            5812174.7
          ],
          [
            389446.7,
            5812175.850000001
          ],
          [
            389445.60000000003,
            5812176.95
          ],
          [
            389444.55000000005,
            5812178.100000001
          ],
          [
            389443.5,
            5812179.25
          ],
          [
            389442.30000000005,
            5812180.15
          ],
          [
            389441.05000000005,
            5812181.100000001
          ],
          [
            389439.85000000003,
            5812182.050000001
          ],
          [
            389438.60000000003,
            5812183.0
          ],
          [
            389436.9,
            5812183.850000001
          ],
          [
            389435.15,
            5812184.75
          ],
          [
            389433.45,
            5812185.600000001
          ],
          [
            389431.7,
            5812186.5
          ],
          [
            389430.10000000003,
            5812186.850000001
          ],
          [
            389428.5,
            5812187.2
          ],
          [
            389426.95,
            5812187.550000001
          ],
          [
            389425.5,
            5812187.600000001
          ],
          [
            389424.05000000005,
            5812187.65
          ],
          [
            389422.60000000003,
            5812187.65
          ],
          [
            389420.65,
            5812187.300000001
          ],
          [
            389418.7,
            5812187.0
          ],
          [
            389416.7,
            5812186.65
          ],
          [
            389414.75,
            5812186.300000001
          ],
          [
            389412.80000000005,
            5812185.95
          ],
          [
            389410.80000000005,
            5812185.65
          ],
          [
            389408.85000000003,
            5812185.300000001
          ],
          [
            389406.85000000003,
            5812184.95
          ],
          [
            389404.9,
            5812184.600000001
          ],
          [
            389402.95,
            5812184.25
          ],
          [
            389400.95,
            5812183.95
          ],
          [
            389399.0,
            5812183.600000001
          ],
          [
            389397.0,
            5812183.25
          ],
          [
            389395.05000000005,
            5812182.9
          ],
          [
            389393.10000000003,
            5812182.550000001
          ],
          [
            389391.10000000003,
            5812182.25
          ],
          [
            389389.15,
            5812181.9
          ],
          [
            389387.2,
            5812181.550000001
          ],
          [
            389385.2,
            5812181.2
          ],
          [
            389383.25,
            5812180.850000001
          ],
          [
            389381.25,
            5812180.550000001
          ],
          [
            389379.30000000005,
            5812180.2
          ],
          [
            389377.35000000003,
            5812179.850000001
          ],
          [
            389375.35000000003,
            5812179.5
          ],
          [
            389373.4,
            5812179.15
          ],
          [
            389371.45,
            5812178.850000001
          ],
          [
            389371.2610360676,
            5812178.801591133
          ],
          [
            389370.4108158505,
            5812183.72877345
          ],
          [
            389370.4108158505,
            5812183.72877345
          ],
          [
            389371.2610360676,
            5812178.801591133
          ]
        ]
      },
      "properties": {
        "SRC_ID": "BF_DUCT_004",
        "STAGE": "brownfield",
        "ASSET_TYPE": "duct",
        "INFRA_STATUS": "Existing",
        "VERIFY_STATUS": "Survey Required",
        "CAPACITY_USED": 1,
        "CAPACITY_TOTAL": 2,
        "POLYGON_ID": "POLY00013",
        "PDP_ID": "PDP00013",
        "REUSE_SOURCE": "",
        "MATERIAL": "HDPE",
        "DIAMETER_MM": 50
      }
    },
    {
      "type": "Feature",
      "geometry": {
        "type": "LineString",
        "coordinates": [
          [
            389431.24287634034,
            5812174.393726567
          ],
          [
            389433.95,
            5812178.600000001
          ],
          [
            389435.4,
            5812177.9
          ],
          [
            389436.75,
            5812176.850000001
          ],
          [
            389438.10000000003,
            5812175.800000001
          ],
          [
            389439.45,
            5812174.800000001
          ],
          [
            389440.60000000003,
            5812173.550000001
          ],
          [
            389441.75,
            5812172.350000001
          ],
          [
            389442.9,
            5812171.100000001
          ],
          [
            389443.7,
            5812169.65
          ],
          [
            389444.55000000005,
            5812168.15
          ],
          [
            389445.4,
            5812166.7
          ],
          [
            389445.85000000003,
            5812165.300000001
          ],
          [
            389446.35000000003,
            5812163.9
          ],
          [
            389446.80000000005,
            5812162.5
          ],
          [
            389447.10000000003,
            5812160.550000001
          ],
          [
            389447.45,
            5812158.600000001
          ],
          [
            389447.80000000005,
            5812156.65
          ],
          [
            389448.15,
            5812154.7
          ],
          [
            389448.45,
            5812152.75
          ],
          [
            389448.80000000005,
            5812150.75
          ],
          [
            389449.15,
            5812148.800000001
          ],
          [
            389449.5,
            5812146.850000001
          ],
          [
            389449.80000000005,
            5812144.9
          ],
          [
            389450.15,
            5812142.95
          ],
          [
            389450.5,
            5812141.0
          ],
          [
            389450.80000000005,
            5812139.050000001
          ],
          [
            389451.15,
            5812137.100000001
          ],
          [
            389451.5,
            5812135.100000001
          ],
          [
            389451.85000000003,
            5812133.15
          ],
          [
            389452.15,
            5812131.2
          ],
          [
            389452.5,
            5812129.25
          ],
          [
            389452.85000000003,
            5812127.300000001
          ],
          [
            389453.2,
            5812125.350000001
          ],
          [
            389453.5,
            5812123.4
          ],
          [
            389453.85000000003,
            5812121.45
          ],
          [
            389454.2,
            5812119.5
          ],
          [
            389454.55000000005,
            5812117.5
          ],
          [
            389454.85000000003,
            5812115.550000001
          ],
          [
            389455.2,
            5812113.600000001
          ],
          [
            389455.55000000005,
            5812111.65
          ],
          [
            389455.9,
            5812109.7
          ],
          [
            389456.2,
            5812107.75
          ],
          [
            389456.55000000005,
            5812105.800000001
          ],
          [
            389456.9,
            5812103.850000001
          ],
          [
            389457.2,
            5812101.850000001
          ],
          [
            389457.55000000005,
            5812099.9
          ],
          [
            389457.9,
            5812097.95
          ],
          [
            389458.25,
            5812096.0
          ],
          [
            389458.55000000005,
            5812094.050000001
          ],
          [
            389458.9,
            5812092.100000001
          ],
          [
            389459.25,
            5812090.15
          ],
          [
            389459.60000000003,
            5812088.2
          ],
          [
            389459.9,
            5812086.2
          ],
          [
            389460.25,
            5812084.25
          ],
          [
            389460.60000000003,
            5812082.300000001
          ],
          [
            389460.95,
            5812080.350000001
          ],
          [
            389461.25,
            5812078.4
          ],
          [
            389461.60000000003,
            5812076.45
          ],
          [
            389461.85000000003,
            5812074.9
          ],
          [
            389463.10000000003,
            5812073.350000001
          ],
          [
            389465.10000000003,
            5812073.75
          ],
          [
            389467.0,
            5812074.100000001
          ],
          [
            389468.95,
            5812074.45
          ],
          [
            389470.9,
            5812074.800000001
          ],
          [
            389472.85000000003,
            5812075.2
          ],
          [
            389474.80000000005,
            5812075.550000001
          ],
          [
            389476.75,
            5812075.9
          ],
          [
            389478.7,
            5812076.25
          ],
          [
            389480.65,
            5812076.65
          ],
          [
            389482.60000000003,
            5812077.0
          ],
          [
            389484.80000000005,
            5812077.15
          ],
          [
            389485.10000000003,
            5812075.25
          ],
          [
            389485.45,
            5812073.350000001
          ],
          [
            389487.60000000003,
            5812071.850000001
          ],
          [
            389489.55000000005,
            5812072.2
          ],
          [
            389491.45,
            5812072.550000001
          ],
          [
            389493.4,
            5812072.9
          ],
          [
            389495.35000000003,
            5812073.300000001
          ],
          [
            389497.30000000005,
            5812073.65
          ],
          [
            389499.25,
            5812074.0
          ],
          [
            389501.2,
            5812074.350000001
          ],
          [
            389503.15,
            5812074.75
          ],
          [
            389505.10000000003,
            5812075.100000001
          ],
          [
            389507.05000000005,
            5812075.45
          ],
          [
            389509.0,
            5812075.850000001
          ],
          [
            389510.95,
            5812076.2
          ],
          [
            389512.9,
            5812076.550000001
          ],
          [
            389514.85000000003,
            5812076.9
          ],
          [
            389516.80000000005,
            5812077.300000001
          ],
          [
            389518.75,
            5812077.65
          ],
          [
            389520.7,
            5812078.0
          ],
          [
            389522.65,
            5812078.350000001
          ],
          [
            389524.55000000005,
            5812078.75
          ],
          [
            389526.5,
            5812079.100000001
          ],
          [
            389528.45,
            5812079.45
          ],
          [
            389530.4,
            5812079.850000001
          ],
          [
            389531.5,
            5812077.350000001
          ],
          [
            389531.75,
            5812075.45
          ],
          [
            389532.0,
            5812073.5
          ],
          [
            389532.25,
            5812071.550000001
          ],
          [
            389532.5,
            5812069.600000001
          ],
          [
            389532.75,
            5812067.65
          ],
          [
            389533.0,
            5812065.7
          ],
          [
            389533.25,
            5812063.800000001
          ],
          [
            389533.5,
            5812061.850000001
          ],
          [
            389533.7,
            5812059.9
          ],
          [
            389533.95,
            5812057.95
          ],
          [
            389534.2,
            5812056.0
          ],
          [
            389534.45,
            5812054.050000001
          ],
          [
            389534.7,
            5812052.15
          ],
          [
            389534.95,
            5812050.2
          ],
          [
            389535.2,
            5812048.25
          ],
          [
            389535.45,
            5812046.300000001
          ],
          [
            389535.7,
            5812044.350000001
          ],
          [
            389535.95,
            5812042.4
          ],
          [
            389536.2,
            5812040.5
          ],
          [
            389536.45,
            5812038.550000001
          ],
          [
            389536.65,
            5812036.600000001
          ],
          [
            389536.9,
            5812034.65
          ],
          [
            389537.15,
            5812032.7
          ],
          [
            389537.4,
            5812030.75
          ],
          [
            389537.65,
            5812028.850000001
          ],
          [
            389537.9,
            5812026.9
          ],
          [
            389538.15,
            5812024.95
          ],
          [
            389538.4,
            5812023.0
          ],
          [
            389538.65,
            5812021.050000001
          ],
          [
            389538.9,
            5812019.15
          ],
          [
            389539.15,
            5812017.2
          ],
          [
            389539.4,
            5812015.25
          ],
          [
            389539.60000000003,
            5812013.300000001
          ],
          [
            389539.85000000003,
            5812011.350000001
          ],
          [
            389540.10000000003,
            5812009.4
          ],
          [
            389540.35000000003,
            5812007.5
          ],
          [
            389540.60000000003,
            5812005.550000001
          ],
          [
            389540.85000000003,
            5812003.600000001
          ],
          [
            389541.10000000003,
            5812001.65
          ],
          [
            389541.35000000003,
            5811999.7
          ],
          [
            389541.60000000003,
            5811997.75
          ],
          [
            389541.80000000005,
            5811996.2
          ],
          [
            389542.0,
            5811994.65
          ],
          [
            389542.2,
            5811993.100000001
          ],
          [
            389542.4,
            5811991.5
          ],
          [
            389542.45,
            5811990.15
          ],
          [
            389542.60000000003,
            5811988.550000001
          ],
          [
            389542.7,
            5811987.0
          ],
          [
            389542.80000000005,
            5811985.45
          ],
          [
            389542.95,
            5811983.45
          ],
          [
            389543.05000000005,
            5811981.5
          ],
          [
            389543.2,
            5811979.5
          ],
          [
            389543.35000000003,
            5811977.5
          ],
          [
            389543.5,
            5811975.550000001
          ],
          [
            389543.60000000003,
            5811973.550000001
          ],
          [
            389543.75,
            5811971.550000001
          ],
          [
            389543.9,
            5811969.600000001
          ],
          [
            389544.0,
            5811967.600000001
          ],
          [
            389544.15,
            5811965.600000001
          ],
          [
            389544.30000000005,
            5811963.65
          ],
          [
            389544.45,
            5811961.65
          ],
          [
            389544.55000000005,
            5811959.7
          ],
          [
            389544.7,
            5811957.7
          ],
          [
            389544.85000000003,
            5811955.7
          ],
          [
            389544.95,
            5811953.75
          ],
          [
            389545.10000000003,
            5811951.75
          ],
          [
            389545.25,
            5811949.75
          ],
          [
            389545.4,
            5811947.800000001
          ],
          [
            389545.5,
            5811945.800000001
          ],
          [
            389545.65,
            5811943.800000001
          ],
          [
            389545.80000000005,
            5811941.850000001
          ],
          [
            389545.9,
            5811939.850000001
          ],
          [
            389546.05000000005,
            5811937.9
          ],
          [
            389546.2,
            5811935.9
          ],
          [
            389546.35000000003,
            5811933.9
          ],
          [
            389546.45,
            5811931.95
          ],
          [
            389546.60000000003,
            5811929.95
          ],
          [
            389546.75,
            5811927.95
          ],
          [
            389546.9,
            5811926.0
          ],
          [
            389547.0,
            5811924.0
          ],
          [
            389547.15,
            5811922.0
          ],
          [
            389547.30000000005,
            5811920.050000001
          ],
          [
            389547.4,
            5811918.050000001
          ],
          [
            389547.55000000005,
            5811916.5
          ],
          [
            389548.75,
            5811914.95
          ],
          [
            389550.65,
            5811915.050000001
          ],
          [
            389552.30000000005,
            5811915.2
          ],
          [
            389553.7,
            5811913.800000001
          ],
          [
            389553.85000000003,
            5811912.25
          ],
          [
            389553.95,
            5811910.300000001
          ],
          [
            389554.0,
            5811909.300000001
          ],
          [
            389554.05000000005,
            5811908.4
          ],
          [
            389554.2,
            5811906.45
          ],
          [
            389554.30000000005,
            5811904.45
          ],
          [
            389554.45,
            5811902.5
          ],
          [
            389554.55000000005,
            5811900.5
          ],
          [
            389554.65,
            5811898.550000001
          ],
          [
            389554.80000000005,
            5811896.550000001
          ],
          [
            389554.9,
            5811894.550000001
          ],
          [
            389555.05000000005,
            5811892.600000001
          ],
          [
            389555.15,
            5811890.600000001
          ],
          [
            389555.25,
            5811888.65
          ],
          [
            389555.4,
            5811886.65
          ],
          [
            389555.5,
            5811884.65
          ],
          [
            389555.65,
            5811882.7
          ],
          [
            389555.75,
            5811880.7
          ],
          [
            389555.9,
            5811878.75
          ],
          [
            389556.0,
            5811876.75
          ],
          [
            389556.10000000003,
            5811874.75
          ],
          [
            389556.25,
            5811872.800000001
          ],
          [
            389556.35000000003,
            5811870.800000001
          ],
          [
            389556.5,
            5811868.800000001
          ],
          [
            389556.60000000003,
            5811866.850000001
          ],
          [
            389556.75,
            5811864.850000001
          ],
          [
            389556.85000000003,
            5811862.9
          ],
          [
            389556.95,
            5811860.9
          ],
          [
            389557.10000000003,
            5811858.9
          ],
          [
            389557.2,
            5811856.95
          ],
          [
            389557.35000000003,
            5811854.95
          ],
          [
            389557.45,
            5811853.0
          ],
          [
            389557.55000000005,
            5811851.0
          ],
          [
            389557.7,
            5811849.0
          ],
          [
            389557.80000000005,
            5811847.050000001
          ],
          [
            389557.95,
            5811845.050000001
          ],
          [
            389558.05000000005,
            5811843.100000001
          ],
          [
            389558.2,
            5811841.100000001
          ],
          [
            389558.30000000005,
            5811839.100000001
          ],
          [
            389558.4,
            5811837.15
          ],
          [
            389558.55000000005,
            5811835.15
          ],
          [
            389558.65,
            5811833.15
          ],
          [
            389558.80000000005,
            5811831.2
          ],
          [
            389558.9,
            5811829.2
          ],
          [
            389559.05000000005,
            5811827.25
          ],
          [
            389559.15,
            5811825.25
          ],
          [
            389559.25,
            5811823.25
          ],
          [
            389559.4,
            5811821.300000001
          ],
          [
            389559.5,
            5811819.300000001
          ],
          [
            389559.65,
            5811817.350000001
          ],
          [
            389559.75,
            5811815.350000001
          ],
          [
            389559.85000000003,
            5811813.350000001
          ],
          [
            389560.0,
            5811811.4
          ],
          [
            389560.10000000003,
            5811809.4
          ],
          [
            389560.25,
            5811807.45
          ],
          [
            389560.35000000003,
            5811805.45
          ],
          [
            389560.45,
            5811803.7
          ],
          [
            389560.55000000005,
            5811802.0
          ],
          [
            389560.65,
            5811800.25
          ],
          [
            389560.80000000005,
            5811798.5
          ],
          [
            389561.9,
            5811796.4
          ],
          [
            389563.85000000003,
            5811796.550000001
          ],
          [
            389565.85000000003,
            5811796.7
          ],
          [
            389567.85000000003,
            5811796.850000001
          ],
          [
            389569.85000000003,
            5811796.95
          ],
          [
            389571.85000000003,
            5811797.100000001
          ],
          [
            389573.80000000005,
            5811797.25
          ],
          [
            389575.80000000005,
            5811797.4
          ],
          [
            389577.80000000005,
            5811797.550000001
          ],
          [
            389579.80000000005,
            5811797.7
          ],
          [
            389581.80000000005,
            5811797.800000001
          ],
          [
            389583.75,
            5811797.95
          ],
          [
            389585.75,
            5811798.100000001
          ],
          [
            389587.75,
            5811798.25
          ],
          [
            389589.75,
            5811798.4
          ],
          [
            389591.75,
            5811798.550000001
          ],
          [
            389593.7,
            5811798.7
          ],
          [
            389595.7,
            5811798.800000001
          ],
          [
            389597.7,
            5811798.95
          ],
          [
            389599.7,
            5811799.100000001
          ],
          [
            389601.7,
            5811799.25
          ],
          [
            389603.7,
            5811799.4
          ],
          [
            389605.65,
            5811799.550000001
          ],
          [
            389607.65,
            5811799.65
          ],
          [
            389609.65,
            5811799.800000001
          ],
          [
            389611.65,
            5811799.95
          ],
          [
            389613.65,
            5811800.100000001
          ],
          [
            389615.60000000003,
            5811800.25
          ],
          [
            389617.60000000003,
            5811800.4
          ],
          [
            389619.60000000003,
            5811800.5
          ],
          [
            389621.60000000003,
            5811800.65
          ],
          [
            389623.60000000003,
            5811800.800000001
          ],
          [
            389625.55000000005,
            5811800.95
          ],
          [
            389627.55000000005,
            5811801.100000001
          ],
          [
            389629.55000000005,
            5811801.25
          ],
          [
            389631.55000000005,
            5811801.4
          ],
          [
            389633.55000000005,
            5811801.5
          ],
          [
            389635.5,
            5811801.65
          ],
          [
            389637.5,
            5811801.800000001
          ],
          [
            389639.5,
            5811801.95
          ],
          [
            389641.5,
            5811802.100000001
          ],
          [
            389643.5,
            5811802.25
          ],
          [
            389645.45,
            5811802.350000001
          ],
          [
            389647.45,
            5811802.5
          ],
          [
            389649.45,
            5811802.65
          ],
          [
            389651.45,
            5811802.800000001
          ],
          [
            389653.45,
            5811802.95
          ],
          [
            389655.4,
            5811803.100000001
          ],
          [
            389657.4,
            5811803.25
          ],
          [
            389659.4,
            5811803.350000001
          ],
          [
            389661.4,
            5811803.5
          ],
          [
            389663.4,
            5811803.65
          ],
          [
            389665.4,
            5811803.800000001
          ],
          [
            389667.35000000003,
            5811803.95
          ],
          [
            389669.35000000003,
            5811804.100000001
          ],
          [
            389671.35000000003,
            5811804.2
          ],
          [
            389673.35000000003,
            5811804.350000001
          ],
          [
            389675.35000000003,
            5811804.5
          ],
          [
            389677.30000000005,
            5811804.65
          ],
          [
            389679.30000000005,
            5811804.800000001
          ],
          [
            389681.30000000005,
            5811804.95
          ],
          [
            389683.30000000005,
            5811805.100000001
          ],
          [
            389685.30000000005,
            5811805.2
          ],
          [
            389687.25,
            5811805.350000001
          ],
          [
            389689.25,
            5811805.5
          ],
          [
            389691.25,
            5811805.65
          ],
          [
            389693.25,
            5811805.800000001
          ],
          [
            389695.25,
            5811805.95
          ],
          [
            389697.2,
            5811806.050000001
          ],
          [
            389699.2,
            5811806.2
          ],
          [
            389701.2,
            5811806.350000001
          ],
          [
            389703.2,
            5811806.5
          ],
          [
            389705.2,
            5811806.65
          ],
          [
            389707.15,
            5811806.800000001
          ],
          [
            389709.15,
            5811806.95
          ],
          [
            389711.15,
            5811807.050000001
          ],
          [
            389713.15,
            5811807.2
          ],
          [
            389715.15,
            5811807.350000001
          ],
          [
            389715.75247696054,
            5811807.39628202
          ],
          [
            389715.3960474071,
            5811812.383561637
          ],
          [
            389715.3960474071,
            5811812.383561637
          ],
          [
            389715.75247696054,
            5811807.39628202
          ]
        ]
      },
      "properties": {
        "SRC_ID": "BF_DUCT_005",
        "STAGE": "brownfield",
        "ASSET_TYPE": "duct",
        "INFRA_STATUS": "Existing",
        "VERIFY_STATUS": "Assumed",
        "CAPACITY_USED": 2,
        "CAPACITY_TOTAL": 2,
        "POLYGON_ID": "POLY00016",
        "PDP_ID": "PDP00016",
        "REUSE_SOURCE": "",
        "MATERIAL": "PVC",
        "DIAMETER_MM": 40
      }
    },
    {
      "type": "Feature",
      "geometry": {
        "type": "LineString",
        "coordinates": [
          [
            389431.24287634034,
            5812174.393726567
          ],
          [
            389433.95,
            5812178.600000001
          ],
          [
            389435.4,
            5812177.9
          ],
          [
            389436.75,
            5812176.850000001
          ],
          [
            389438.10000000003,
            5812175.800000001
          ],
          [
            389439.45,
            5812174.800000001
          ],
          [
            389440.60000000003,
            5812173.550000001
          ],
          [
            389441.75,
            5812172.350000001
          ],
          [
            389442.9,
            5812171.100000001
          ],
          [
            389443.7,
            5812169.65
          ],
          [
            389444.55000000005,
            5812168.15
          ],
          [
            389445.4,
            5812166.7
          ],
          [
            389445.85000000003,
            5812165.300000001
          ],
          [
            389446.35000000003,
            5812163.9
          ],
          [
            389446.80000000005,
            5812162.5
          ],
          [
            389447.10000000003,
            5812160.550000001
          ],
          [
            389447.45,
            5812158.600000001
          ],
          [
            389447.80000000005,
            5812156.65
          ],
          [
            389448.15,
            5812154.7
          ],
          [
            389448.45,
            5812152.75
          ],
          [
            389448.80000000005,
            5812150.75
          ],
          [
            389449.15,
            5812148.800000001
          ],
          [
            389449.5,
            5812146.850000001
          ],
          [
            389449.80000000005,
            5812144.9
          ],
          [
            389450.15,
            5812142.95
          ],
          [
            389450.5,
            5812141.0
          ],
          [
            389450.80000000005,
            5812139.050000001
          ],
          [
            389451.15,
            5812137.100000001
          ],
          [
            389451.5,
            5812135.100000001
          ],
          [
            389451.85000000003,
            5812133.15
          ],
          [
            389452.15,
            5812131.2
          ],
          [
            389452.5,
            5812129.25
          ],
          [
            389452.85000000003,
            5812127.300000001
          ],
          [
            389453.2,
            5812125.350000001
          ],
          [
            389453.5,
            5812123.4
          ],
          [
            389453.85000000003,
            5812121.45
          ],
          [
            389454.2,
            5812119.5
          ],
          [
            389454.55000000005,
            5812117.5
          ],
          [
            389454.85000000003,
            5812115.550000001
          ],
          [
            389455.2,
            5812113.600000001
          ],
          [
            389455.55000000005,
            5812111.65
          ],
          [
            389455.9,
            5812109.7
          ],
          [
            389456.2,
            5812107.75
          ],
          [
            389456.55000000005,
            5812105.800000001
          ],
          [
            389456.9,
            5812103.850000001
          ],
          [
            389457.2,
            5812101.850000001
          ],
          [
            389457.55000000005,
            5812099.9
          ],
          [
            389457.9,
            5812097.95
          ],
          [
            389458.25,
            5812096.0
          ],
          [
            389458.55000000005,
            5812094.050000001
          ],
          [
            389458.9,
            5812092.100000001
          ],
          [
            389459.25,
            5812090.15
          ],
          [
            389459.60000000003,
            5812088.2
          ],
          [
            389459.9,
            5812086.2
          ],
          [
            389460.25,
            5812084.25
          ],
          [
            389460.60000000003,
            5812082.300000001
          ],
          [
            389460.95,
            5812080.350000001
          ],
          [
            389461.25,
            5812078.4
          ],
          [
            389461.60000000003,
            5812076.45
          ],
          [
            389461.85000000003,
            5812074.9
          ],
          [
            389463.10000000003,
            5812073.350000001
          ],
          [
            389465.10000000003,
            5812073.75
          ],
          [
            389467.0,
            5812074.100000001
          ],
          [
            389468.95,
            5812074.45
          ],
          [
            389470.9,
            5812074.800000001
          ],
          [
            389472.85000000003,
            5812075.2
          ],
          [
            389474.80000000005,
            5812075.550000001
          ],
          [
            389476.75,
            5812075.9
          ],
          [
            389478.7,
            5812076.25
          ],
          [
            389480.65,
            5812076.65
          ],
          [
            389482.60000000003,
            5812077.0
          ],
          [
            389484.55000000005,
            5812077.350000001
          ],
          [
            389486.5,
            5812077.7
          ],
          [
            389488.4,
            5812078.100000001
          ],
          [
            389490.35000000003,
            5812078.45
          ],
          [
            389492.30000000005,
            5812078.800000001
          ],
          [
            389494.25,
            5812079.2
          ],
          [
            389496.2,
            5812079.550000001
          ],
          [
            389498.15,
            5812079.9
          ],
          [
            389500.10000000003,
            5812080.25
          ],
          [
            389502.05000000005,
            5812080.65
          ],
          [
            389504.0,
            5812081.0
          ],
          [
            389505.95,
            5812081.350000001
          ],
          [
            389507.9,
            5812081.7
          ],
          [
            389509.85000000003,
            5812082.100000001
          ],
          [
            389511.80000000005,
            5812082.45
          ],
          [
            389513.75,
            5812082.800000001
          ],
          [
            389515.7,
            5812083.2
          ],
          [
            389517.65,
            5812083.550000001
          ],
          [
            389519.60000000003,
            5812083.9
          ],
          [
            389521.55000000005,
            5812084.25
          ],
          [
            389523.45,
            5812084.65
          ],
          [
            389525.4,
            5812085.0
          ],
          [
            389527.35000000003,
            5812085.350000001
          ],
          [
            389529.30000000005,
            5812085.75
          ],
          [
            389531.25,
            5812086.100000001
          ],
          [
            389533.25,
            5812086.45
          ],
          [
            389535.2,
            5812086.800000001
          ],
          [
            389537.10000000003,
            5812087.15
          ],
          [
            389539.05000000005,
            5812087.45
          ],
          [
            389540.95,
            5812087.800000001
          ],
          [
            389542.9,
            5812088.15
          ],
          [
            389544.85000000003,
            5812088.45
          ],
          [
            389546.75,
            5812088.800000001
          ],
          [
            389548.7,
            5812089.15
          ],
          [
            389550.60000000003,
            5812089.45
          ],
          [
            389552.55000000005,
            5812089.800000001
          ],
          [
            389554.5,
            5812090.15
          ],
          [
            389556.4,
            5812090.5
          ],
          [
            389558.35000000003,
            5812090.800000001
          ],
          [
            389560.30000000005,
            5812091.15
          ],
          [
            389562.2,
            5812091.5
          ],
          [
            389564.15,
            5812091.800000001
          ],
          [
            389566.05000000005,
            5812092.15
          ],
          [
            389568.0,
            5812092.5
          ],
          [
            389569.95,
            5812092.800000001
          ],
          [
            389571.85000000003,
            5812093.15
          ],
          [
            389573.80000000005,
            5812093.5
          ],
          [
            389575.7,
            5812093.850000001
          ],
          [
            389577.65,
            5812094.15
          ],
          [
            389579.60000000003,
            5812094.5
          ],
          [
            389581.5,
            5812094.850000001
          ],
          [
            389583.45,
            5812095.15
          ],
          [
            389585.4,
            5812095.5
          ],
          [
            389587.30000000005,
            5812095.850000001
          ],
          [
            389589.25,
            5812096.15
          ],
          [
            389591.15,
            5812096.5
          ],
          [
            389593.10000000003,
            5812096.850000001
          ],
          [
            389595.05000000005,
            5812097.2
          ],
          [
            389596.95,
            5812097.5
          ],
          [
            389598.9,
            5812097.850000001
          ],
          [
            389600.80000000005,
            5812098.2
          ],
          [
            389602.75,
            5812098.5
          ],
          [
            389604.7,
            5812098.850000001
          ],
          [
            389606.60000000003,
            5812099.2
          ],
          [
            389608.55000000005,
            5812099.350000001
          ],
          [
            389610.5,
            5812099.550000001
          ],
          [
            389612.45,
            5812099.7
          ],
          [
            389614.35000000003,
            5812099.9
          ],
          [
            389616.30000000005,
            5812100.050000001
          ],
          [
            389618.25,
            5812100.25
          ],
          [
            389620.15,
            5812100.4
          ],
          [
            389622.10000000003,
            5812100.600000001
          ],
          [
            389624.05000000005,
            5812100.75
          ],
          [
            389626.0,
            5812100.95
          ],
          [
            389627.9,
            5812101.100000001
          ],
          [
            389629.85000000003,
            5812101.300000001
          ],
          [
            389631.80000000005,
            5812101.45
          ],
          [
            389633.75,
            5812101.65
          ],
          [
            389635.65,
            5812101.800000001
          ],
          [
            389637.60000000003,
            5812102.0
          ],
          [
            389639.55000000005,
            5812102.15
          ],
          [
            389641.5,
            5812102.350000001
          ],
          [
            389643.4,
            5812102.5
          ],
          [
            389645.35000000003,
            5812102.7
          ],
          [
            389647.30000000005,
            5812102.850000001
          ],
          [
            389649.25,
            5812103.050000001
          ],
          [
            389651.15,
            5812103.2
          ],
          [
            389653.10000000003,
            5812103.4
          ],
          [
            389655.05000000005,
            5812103.550000001
          ],
          [
            389657.0,
            5812103.75
          ],
          [
            389658.9,
            5812103.9
          ],
          [
            389660.85000000003,
            5812104.100000001
          ],
          [
            389662.80000000005,
            5812104.25
          ],
          [
            389664.75,
            5812104.45
          ],
          [
            389666.65,
            5812104.600000001
          ],
          [
            389668.60000000003,
            5812104.800000001
          ],
          [
            389670.55000000005,
            5812104.95
          ],
          [
            389672.5,
            5812105.15
          ],
          [
            389674.30000000005,
            5812105.300000001
          ],
          [
            389676.15,
            5812105.5
          ],
          [
            389678.0,
            5812105.65
          ],
          [
            389679.85000000003,
            5812105.850000001
          ],
          [
            389681.65,
            5812106.0
          ],
          [
            389683.5,
            5812106.2
          ],
          [
            389685.35000000003,
            5812106.350000001
          ],
          [
            389687.15,
            5812106.550000001
          ],
          [
            389689.0,
            5812106.7
          ],
          [
            389690.85000000003,
            5812106.850000001
          ],
          [
            389692.7,
            5812107.050000001
          ],
          [
            389694.5,
            5812107.2
          ],
          [
            389696.5,
            5812107.4
          ],
          [
            389698.5,
            5812107.600000001
          ],
          [
            389700.45,
            5812107.800000001
          ],
          [
            389702.45,
            5812107.95
          ],
          [
            389704.45,
            5812108.15
          ],
          [
            389706.45,
            5812108.350000001
          ],
          [
            389708.4,
            5812108.550000001
          ],
          [
            389710.4,
            5812108.7
          ],
          [
            389712.4,
            5812108.9
          ],
          [
            389714.4,
            5812109.100000001
          ],
          [
            389716.35000000003,
            5812109.300000001
          ],
          [
            389718.35000000003,
            5812109.45
          ],
          [
            389720.35000000003,
            5812109.65
          ],
          [
            389722.30000000005,
            5812109.850000001
          ],
          [
            389724.30000000005,
            5812110.050000001
          ],
          [
            389726.30000000005,
            5812110.2
          ],
          [
            389728.30000000005,
            5812110.4
          ],
          [
            389730.25,
            5812110.600000001
          ],
          [
            389732.25,
            5812110.800000001
          ],
          [
            389734.25,
            5812110.95
          ],
          [
            389736.2,
            5812111.15
          ],
          [
            389738.2,
            5812111.350000001
          ],
          [
            389740.2,
            5812111.5
          ],
          [
            389742.2,
            5812111.7
          ],
          [
            389744.15,
            5812111.9
          ],
          [
            389746.15,
            5812112.100000001
          ],
          [
            389748.15,
            5812112.25
          ],
          [
            389750.10000000003,
            5812112.45
          ],
          [
            389752.10000000003,
            5812112.65
          ],
          [
            389754.10000000003,
            5812112.850000001
          ],
          [
            389756.10000000003,
            5812113.0
          ],
          [
            389758.05000000005,
            5812113.2
          ],
          [
            389760.05000000005,
            5812113.4
          ],
          [
            389762.05000000005,
            5812113.600000001
          ],
          [
            389764.0,
            5812113.75
          ],
          [
            389766.0,
            5812113.95
          ],
          [
            389768.0,
            5812114.15
          ],
          [
            389770.0,
            5812114.350000001
          ],
          [
            389771.95,
            5812114.5
          ],
          [
            389773.95,
            5812114.7
          ],
          [
            389775.95,
            5812114.9
          ],
          [
            389777.9,
            5812115.100000001
          ],
          [
            389779.9,
            5812115.25
          ],
          [
            389781.9,
            5812115.45
          ],
          [
            389783.9,
            5812115.65
          ],
          [
            389785.85000000003,
            5812115.850000001
          ],
          [
            389787.85000000003,
            5812116.0
          ],
          [
            389789.85000000003,
            5812116.2
          ],
          [
            389791.80000000005,
            5812116.4
          ],
          [
            389793.80000000005,
            5812116.600000001
          ],
          [
            389795.80000000005,
            5812116.75
          ],
          [
            389797.80000000005,
            5812116.95
          ],
          [
            389799.75,
            5812117.15
          ],
          [
            389801.75,
            5812117.350000001
          ],
          [
            389803.75,
            5812117.5
          ],
          [
            389805.7,
            5812117.7
          ],
          [
            389807.7,
            5812117.9
          ],
          [
            389809.7,
            5812118.100000001
          ],
          [
            389811.7,
            5812118.25
          ],
          [
            389813.65,
            5812118.45
          ],
          [
            389815.65,
            5812118.65
          ],
          [
            389817.65,
            5812118.850000001
          ],
          [
            389819.60000000003,
            5812119.0
          ],
          [
            389821.60000000003,
            5812119.2
          ],
          [
            389823.60000000003,
            5812119.4
          ],
          [
            389825.60000000003,
            5812119.600000001
          ],
          [
            389827.55000000005,
            5812119.75
          ],
          [
            389829.55000000005,
            5812119.95
          ],
          [
            389830.75,
            5812120.100000001
          ],
          [
            389831.95,
            5812120.2
          ],
          [
            389833.55000000005,
            5812120.350000001
          ],
          [
            389835.15,
            5812120.5
          ],
          [
            389836.95,
            5812121.65
          ],
          [
            389836.80000000005,
            5812123.550000001
          ],
          [
            389836.7,
            5812125.5
          ],
          [
            389836.55000000005,
            5812127.45
          ],
          [
            389836.4,
            5812129.550000001
          ],
          [
            389836.30000000005,
            5812131.550000001
          ],
          [
            389836.15,
            5812133.5
          ],
          [
            389836.0,
            5812135.5
          ],
          [
            389835.9,
            5812137.45
          ],
          [
            389835.75,
            5812139.45
          ],
          [
            389835.60000000003,
            5812141.4
          ],
          [
            389835.5,
            5812143.4
          ],
          [
            389835.35000000003,
            5812145.4
          ],
          [
            389835.2,
            5812147.350000001
          ],
          [
            389835.10000000003,
            5812149.350000001
          ],
          [
            389834.95,
            5812151.300000001
          ],
          [
            389834.80000000005,
            5812153.300000001
          ],
          [
            389834.7,
            5812155.25
          ],
          [
            389834.55000000005,
            5812157.25
          ],
          [
            389834.4,
            5812159.2
          ],
          [
            389834.30000000005,
            5812161.2
          ],
          [
            389834.15,
            5812163.15
          ],
          [
            389834.0,
            5812165.15
          ],
          [
            389833.9,
            5812167.15
          ],
          [
            389833.75,
            5812169.100000001
          ],
          [
            389833.60000000003,
            5812171.100000001
          ],
          [
            389833.5,
            5812173.050000001
          ],
          [
            389833.35000000003,
            5812175.050000001
          ],
          [
            389833.2,
            5812177.0
          ],
          [
            389833.10000000003,
            5812179.0
          ],
          [
            389832.95,
            5812180.95
          ],
          [
            389832.80000000005,
            5812182.95
          ],
          [
            389832.65,
            5812184.95
          ],
          [
            389832.55000000005,
            5812186.9
          ],
          [
            389832.4,
            5812188.9
          ],
          [
            389832.25,
            5812190.850000001
          ],
          [
            389832.15,
            5812192.850000001
          ],
          [
            389832.0,
            5812194.800000001
          ],
          [
            389831.85000000003,
            5812196.800000001
          ],
          [
            389831.75,
            5812198.75
          ],
          [
            389831.60000000003,
            5812200.75
          ],
          [
            389831.45,
            5812202.75
          ],
          [
            389831.35000000003,
            5812204.7
          ],
          [
            389831.2,
            5812206.7
          ],
          [
            389831.05000000005,
            5812208.65
          ],
          [
            389830.95,
            5812210.65
          ],
          [
            389830.80000000005,
            5812212.600000001
          ],
          [
            389830.65,
            5812214.600000001
          ],
          [
            389830.55000000005,
            5812216.550000001
          ],
          [
            389830.4,
            5812218.550000001
          ],
          [
            389830.25,
            5812220.5
          ],
          [
            389830.15,
            5812222.5
          ],
          [
            389830.0,
            5812224.5
          ],
          [
            389829.85000000003,
            5812226.45
          ],
          [
            389829.75,
            5812228.45
          ],
          [
            389829.60000000003,
            5812230.4
          ],
          [
            389829.45,
            5812232.4
          ],
          [
            389829.35000000003,
            5812234.350000001
          ],
          [
            389829.2,
            5812236.350000001
          ],
          [
            389829.05000000005,
            5812238.300000001
          ],
          [
            389828.95,
            5812240.300000001
          ],
          [
            389828.80000000005,
            5812242.300000001
          ],
          [
            389828.65,
            5812244.25
          ],
          [
            389828.55000000005,
            5812246.25
          ],
          [
            389828.4,
            5812248.2
          ],
          [
            389828.25,
            5812250.2
          ],
          [
            389828.15,
            5812252.15
          ],
          [
            389828.0,
            5812254.15
          ],
          [
            389827.85000000003,
            5812256.100000001
          ],
          [
            389827.75,
            5812258.100000001
          ],
          [
            389827.60000000003,
            5812260.100000001
          ],
          [
            389827.45,
            5812262.050000001
          ],
          [
            389827.35000000003,
            5812264.050000001
          ],
          [
            389827.2,
            5812266.0
          ],
          [
            389827.05000000005,
            5812268.0
          ],
          [
            389826.95,
            5812269.95
          ],
          [
            389826.80000000005,
            5812271.95
          ],
          [
            389826.65,
            5812273.9
          ],
          [
            389826.55000000005,
            5812275.9
          ],
          [
            389826.4,
            5812277.850000001
          ],
          [
            389826.25,
            5812279.850000001
          ],
          [
            389826.15,
            5812281.850000001
          ],
          [
            389826.0,
            5812283.800000001
          ],
          [
            389825.85000000003,
            5812285.800000001
          ],
          [
            389825.75,
            5812287.75
          ],
          [
            389825.60000000003,
            5812289.75
          ],
          [
            389825.45,
            5812291.7
          ],
          [
            389825.30000000005,
            5812293.7
          ],
          [
            389825.30000000005,
            5812295.5
          ],
          [
            389825.2,
            5812295.65
          ],
          [
            389825.05000000005,
            5812297.65
          ],
          [
            389824.9,
            5812299.65
          ],
          [
            389824.80000000005,
            5812301.600000001
          ],
          [
            389824.65,
            5812303.600000001
          ],
          [
            389824.5,
            5812305.550000001
          ],
          [
            389824.4,
            5812307.550000001
          ],
          [
            389824.25,
            5812309.5
          ],
          [
            389824.10000000003,
            5812311.5
          ],
          [
            389824.0,
            5812313.45
          ],
          [
            389823.85000000003,
            5812315.45
          ],
          [
            389823.75,
            5812317.350000001
          ],
          [
            389823.60000000003,
            5812319.2
          ],
          [
            389823.6406253014,
            5812318.715833622
          ],
          [
            389799.0555909958,
            5812317.105766788
          ],
          [
            389799.0555909958,
            5812317.105766788
          ],
          [
            389823.6406253014,
            5812318.715833622
          ]
        ]
      },
      "properties": {
        "SRC_ID": "BF_DUCT_006",
        "STAGE": "brownfield",
        "ASSET_TYPE": "duct",
        "INFRA_STATUS": "Existing",
        "VERIFY_STATUS": "Assumed",
        "CAPACITY_USED": 2,
        "CAPACITY_TOTAL": 2,
        "POLYGON_ID": "POLY00019",
        "PDP_ID": "PDP00019",
        "REUSE_SOURCE": "",
        "MATERIAL": "PVC",
        "DIAMETER_MM": 63
      }
    },
    {
      "type": "Feature",
      "geometry": {
        "type": "LineString",
        "coordinates": [
          [
            389431.24287634034,
            5812174.393726567
          ],
          [
            389433.95,
            5812178.600000001
          ],
          [
            389435.4,
            5812177.9
          ],
          [
            389436.75,
            5812176.850000001
          ],
          [
            389438.10000000003,
            5812175.800000001
          ],
          [
            389439.45,
            5812174.800000001
          ],
          [
            389440.60000000003,
            5812173.550000001
          ],
          [
            389441.75,
            5812172.350000001
          ],
          [
            389442.9,
            5812171.100000001
          ],
          [
            389443.7,
            5812169.65
          ],
          [
            389444.55000000005,
            5812168.15
          ],
          [
            389445.4,
            5812166.7
          ],
          [
            389445.85000000003,
            5812165.300000001
          ],
          [
            389446.35000000003,
            5812163.9
          ],
          [
            389446.80000000005,
            5812162.5
          ],
          [
            389447.10000000003,
            5812160.550000001
          ],
          [
            389447.45,
            5812158.600000001
          ],
          [
            389447.80000000005,
            5812156.65
          ],
          [
            389448.15,
            5812154.7
          ],
          [
            389448.45,
            5812152.75
          ],
          [
            389448.80000000005,
            5812150.75
          ],
          [
            389449.15,
            5812148.800000001
          ],
          [
            389449.5,
            5812146.850000001
          ],
          [
            389449.80000000005,
            5812144.9
          ],
          [
            389450.15,
            5812142.95
          ],
          [
            389450.5,
            5812141.0
          ],
          [
            389450.80000000005,
            5812139.050000001
          ],
          [
            389451.15,
            5812137.100000001
          ],
          [
            389451.5,
            5812135.100000001
          ],
          [
            389451.85000000003,
            5812133.15
          ],
          [
            389452.15,
            5812131.2
          ],
          [
            389452.5,
            5812129.25
          ],
          [
            389452.85000000003,
            5812127.300000001
          ],
          [
            389453.2,
            5812125.350000001
          ],
          [
            389453.5,
            5812123.4
          ],
          [
            389453.85000000003,
            5812121.45
          ],
          [
            389454.2,
            5812119.5
          ],
          [
            389454.55000000005,
            5812117.5
          ],
          [
            389454.85000000003,
            5812115.550000001
          ],
          [
            389455.2,
            5812113.600000001
          ],
          [
            389455.55000000005,
            5812111.65
          ],
          [
            389455.9,
            5812109.7
          ],
          [
            389456.2,
            5812107.75
          ],
          [
            389456.55000000005,
            5812105.800000001
          ],
          [
            389456.9,
            5812103.850000001
          ],
          [
            389457.2,
            5812101.850000001
          ],
          [
            389457.55000000005,
            5812099.9
          ],
          [
            389457.9,
            5812097.95
          ],
          [
            389458.25,
            5812096.0
          ],
          [
            389458.55000000005,
            5812094.050000001
          ],
          [
            389458.9,
            5812092.100000001
          ],
          [
            389459.25,
            5812090.15
          ],
          [
            389459.60000000003,
            5812088.2
          ],
          [
            389459.9,
            5812086.2
          ],
          [
            389460.25,
            5812084.25
          ],
          [
            389460.60000000003,
            5812082.300000001
          ],
          [
            389460.95,
            5812080.350000001
          ],
          [
            389461.25,
            5812078.4
          ],
          [
            389461.60000000003,
            5812076.45
          ],
          [
            389461.85000000003,
            5812074.9
          ],
          [
            389461.15,
            5812073.0
          ],
          [
            389459.2,
            5812072.65
          ],
          [
            389457.25,
            5812072.300000001
          ],
          [
            389455.30000000005,
            5812071.95
          ],
          [
            389453.35000000003,
            5812071.600000001
          ],
          [
            389451.4,
            5812071.25
          ],
          [
            389449.4,
            5812070.9
          ],
          [
            389447.45,
            5812070.550000001
          ],
          [
            389445.5,
            5812070.2
          ],
          [
            389443.55000000005,
            5812069.850000001
          ],
          [
            389441.60000000003,
            5812069.5
          ],
          [
            389439.65,
            5812069.15
          ],
          [
            389437.7,
            5812068.800000001
          ],
          [
            389435.7,
            5812068.45
          ],
          [
            389433.75,
            5812068.100000001
          ],
          [
            389431.80000000005,
            5812067.75
          ],
          [
            389429.85000000003,
            5812067.4
          ],
          [
            389427.9,
            5812067.050000001
          ],
          [
            389425.95,
            5812066.7
          ],
          [
            389424.0,
            5812066.350000001
          ],
          [
            389422.05000000005,
            5812066.0
          ],
          [
            389420.05000000005,
            5812065.65
          ],
          [
            389418.10000000003,
            5812065.300000001
          ],
          [
            389416.15,
            5812064.95
          ],
          [
            389414.2,
            5812064.600000001
          ],
          [
            389412.25,
            5812064.25
          ],
          [
            389410.30000000005,
            5812063.9
          ],
          [
            389408.35000000003,
            5812063.550000001
          ],
          [
            389406.35000000003,
            5812063.15
          ],
          [
            389404.4,
            5812062.800000001
          ],
          [
            389402.45,
            5812062.45
          ],
          [
            389400.5,
            5812062.100000001
          ],
          [
            389398.55000000005,
            5812061.75
          ],
          [
            389396.60000000003,
            5812061.4
          ],
          [
            389394.65,
            5812061.050000001
          ],
          [
            389392.65,
            5812060.7
          ],
          [
            389390.7,
            5812060.350000001
          ],
          [
            389388.75,
            5812060.0
          ],
          [
            389386.80000000005,
            5812059.65
          ],
          [
            389384.85000000003,
            5812059.300000001
          ],
          [
            389382.9,
            5812058.95
          ],
          [
            389380.95,
            5812058.600000001
          ],
          [
            389378.95,
            5812058.25
          ],
          [
            389377.0,
            5812057.9
          ],
          [
            389375.05000000005,
            5812057.550000001
          ],
          [
            389373.10000000003,
            5812057.2
          ],
          [
            389371.15,
            5812056.850000001
          ],
          [
            389369.2,
            5812056.5
          ],
          [
            389367.25,
            5812056.15
          ],
          [
            389365.25,
            5812055.800000001
          ],
          [
            389363.30000000005,
            5812055.45
          ],
          [
            389361.35000000003,
            5812055.100000001
          ],
          [
            389359.4,
            5812054.75
          ],
          [
            389357.45,
            5812054.4
          ],
          [
            389355.5,
            5812054.050000001
          ],
          [
            389353.55000000005,
            5812053.7
          ],
          [
            389351.60000000003,
            5812053.350000001
          ],
          [
            389349.65,
            5812053.0
          ],
          [
            389347.7,
            5812052.65
          ],
          [
            389345.75,
            5812052.300000001
          ],
          [
            389343.80000000005,
            5812051.95
          ],
          [
            389341.85000000003,
            5812051.600000001
          ],
          [
            389339.9,
            5812051.25
          ],
          [
            389337.95,
            5812050.9
          ],
          [
            389336.0,
            5812050.550000001
          ],
          [
            389334.05000000005,
            5812050.2
          ],
          [
            389332.10000000003,
            5812049.850000001
          ],
          [
            389330.60000000003,
            5812049.2
          ],
          [
            389329.10000000003,
            5812048.600000001
          ],
          [
            389327.60000000003,
            5812047.95
          ],
          [
            389326.10000000003,
            5812047.350000001
          ],
          [
            389324.80000000005,
            5812046.25
          ],
          [
            389323.45,
            5812045.2
          ],
          [
            389322.15,
            5812044.100000001
          ],
          [
            389320.85000000003,
            5812043.050000001
          ],
          [
            389319.5,
            5812041.95
          ],
          [
            389318.2,
            5812040.9
          ],
          [
            389316.9,
            5812039.850000001
          ],
          [
            389315.60000000003,
            5812038.800000001
          ],
          [
            389314.35000000003,
            5812037.75
          ],
          [
            389313.05000000005,
            5812036.75
          ],
          [
            389311.7,
            5812035.65
          ],
          [
            389310.4,
            5812034.600000001
          ],
          [
            389309.05000000005,
            5812033.5
          ],
          [
            389307.75,
            5812032.4
          ],
          [
            389306.4,
            5812031.350000001
          ],
          [
            389305.15,
            5812030.300000001
          ],
          [
            389303.80000000005,
            5812029.300000001
          ],
          [
            389302.7,
            5812028.45
          ],
          [
            389301.2,
            5812027.25
          ],
          [
            389299.85000000003,
            5812026.2
          ],
          [
            389298.55000000005,
            5812025.2
          ],
          [
            389297.2,
            5812024.15
          ],
          [
            389295.95,
            5812023.2
          ],
          [
            389294.65,
            5812022.2
          ],
          [
            389293.4,
            5812021.2
          ],
          [
            389292.10000000003,
            5812020.2
          ],
          [
            389290.55000000005,
            5812019.0
          ],
          [
            389288.95,
            5812017.800000001
          ],
          [
            389287.4,
            5812016.550000001
          ],
          [
            389285.85000000003,
            5812015.350000001
          ],
          [
            389284.25,
            5812014.15
          ],
          [
            389282.7,
            5812012.9
          ],
          [
            389281.10000000003,
            5812011.7
          ],
          [
            389279.55000000005,
            5812010.5
          ],
          [
            389278.0,
            5812009.25
          ],
          [
            389276.4,
            5812008.050000001
          ],
          [
            389274.85000000003,
            5812006.850000001
          ],
          [
            389273.25,
            5812005.600000001
          ],
          [
            389271.7,
            5812004.4
          ],
          [
            389270.15,
            5812003.2
          ],
          [
            389268.55000000005,
            5812001.95
          ],
          [
            389267.0,
            5812000.75
          ],
          [
            389265.45,
            5811999.550000001
          ],
          [
            389263.85000000003,
            5811998.300000001
          ],
          [
            389262.30000000005,
            5811997.100000001
          ],
          [
            389260.7,
            5811995.9
          ],
          [
            389259.15,
            5811994.7
          ],
          [
            389257.60000000003,
            5811993.45
          ],
          [
            389256.0,
            5811992.25
          ],
          [
            389254.45,
            5811991.050000001
          ],
          [
            389252.85000000003,
            5811989.800000001
          ],
          [
            389251.30000000005,
            5811988.600000001
          ],
          [
            389249.75,
            5811987.4
          ],
          [
            389248.15,
            5811986.15
          ],
          [
            389246.60000000003,
            5811984.95
          ],
          [
            389245.0,
            5811983.75
          ],
          [
            389243.45,
            5811982.5
          ],
          [
            389241.9,
            5811981.300000001
          ],
          [
            389240.30000000005,
            5811980.100000001
          ],
          [
            389238.75,
            5811978.850000001
          ],
          [
            389237.15,
            5811977.65
          ],
          [
            389235.60000000003,
            5811976.45
          ],
          [
            389234.05000000005,
            5811975.2
          ],
          [
            389232.45,
            5811974.0
          ],
          [
            389230.9,
            5811972.800000001
          ],
          [
            389229.30000000005,
            5811971.550000001
          ],
          [
            389227.75,
            5811970.350000001
          ],
          [
            389226.2,
            5811969.15
          ],
          [
            389224.60000000003,
            5811967.9
          ],
          [
            389223.05000000005,
            5811966.7
          ],
          [
            389221.45,
            5811965.5
          ],
          [
            389219.9,
            5811964.25
          ],
          [
            389218.35000000003,
            5811963.050000001
          ],
          [
            389216.75,
            5811961.850000001
          ],
          [
            389215.2,
            5811960.600000001
          ],
          [
            389213.60000000003,
            5811959.4
          ],
          [
            389212.05000000005,
            5811958.2
          ],
          [
            389210.5,
            5811956.95
          ],
          [
            389208.9,
            5811955.75
          ],
          [
            389207.35000000003,
            5811954.550000001
          ],
          [
            389205.75,
            5811953.300000001
          ],
          [
            389204.2,
            5811952.100000001
          ],
          [
            389202.65,
            5811950.9
          ],
          [
            389201.05000000005,
            5811949.7
          ],
          [
            389199.5,
            5811948.45
          ],
          [
            389197.9,
            5811947.25
          ],
          [
            389196.35000000003,
            5811946.050000001
          ],
          [
            389194.80000000005,
            5811944.800000001
          ],
          [
            389193.2,
            5811943.600000001
          ],
          [
            389191.65,
            5811942.4
          ],
          [
            389190.05000000005,
            5811941.15
          ],
          [
            389188.5,
            5811939.95
          ],
          [
            389186.95,
            5811938.75
          ],
          [
            389185.35000000003,
            5811937.5
          ],
          [
            389183.80000000005,
            5811936.300000001
          ],
          [
            389182.2,
            5811935.100000001
          ],
          [
            389180.65,
            5811933.850000001
          ],
          [
            389179.10000000003,
            5811932.65
          ],
          [
            389177.5,
            5811931.45
          ],
          [
            389175.95,
            5811930.2
          ],
          [
            389174.4,
            5811929.0
          ],
          [
            389172.80000000005,
            5811927.800000001
          ],
          [
            389171.25,
            5811926.550000001
          ],
          [
            389169.65,
            5811925.350000001
          ],
          [
            389168.10000000003,
            5811924.15
          ],
          [
            389166.55000000005,
            5811922.9
          ],
          [
            389164.95,
            5811921.7
          ],
          [
            389163.4,
            5811920.5
          ],
          [
            389161.80000000005,
            5811919.25
          ],
          [
            389160.25,
            5811918.050000001
          ],
          [
            389158.7,
            5811916.850000001
          ],
          [
            389157.10000000003,
            5811915.600000001
          ],
          [
            389155.55000000005,
            5811914.4
          ],
          [
            389153.95,
            5811913.2
          ],
          [
            389152.4,
            5811911.95
          ],
          [
            389150.85000000003,
            5811910.75
          ],
          [
            389149.25,
            5811909.550000001
          ],
          [
            389147.7,
            5811908.300000001
          ],
          [
            389146.10000000003,
            5811907.100000001
          ],
          [
            389144.55000000005,
            5811905.9
          ],
          [
            389143.0,
            5811904.7
          ],
          [
            389141.4,
            5811903.45
          ],
          [
            389139.85000000003,
            5811902.25
          ],
          [
            389138.25,
            5811901.050000001
          ],
          [
            389136.7,
            5811899.800000001
          ],
          [
            389137.0618144272,
            5811900.091257788
          ],
          [
            389133.9995878219,
            5811904.043822553
          ],
          [
            389133.9995878219,
            5811904.043822553
          ],
          [
            389137.0618144272,
            5811900.091257788
          ]
        ]
      },
      "properties": {
        "SRC_ID": "BF_DUCT_007",
        "STAGE": "brownfield",
        "ASSET_TYPE": "duct",
        "INFRA_STATUS": "Existing",
        "VERIFY_STATUS": "Assumed",
        "CAPACITY_USED": 0,
        "CAPACITY_TOTAL": 2,
        "POLYGON_ID": "POLY00022",
        "PDP_ID": "PDP00022",
        "REUSE_SOURCE": "",
        "MATERIAL": "HDPE",
        "DIAMETER_MM": 63
      }
    },
    {
      "type": "Feature",
      "geometry": {
        "type": "LineString",
        "coordinates": [
          [
            389431.24287634034,
            5812174.393726567
          ],
          [
            389433.95,
            5812178.600000001
          ],
          [
            389435.4,
            5812177.9
          ],
          [
            389436.75,
            5812176.850000001
          ],
          [
            389438.10000000003,
            5812175.800000001
          ],
          [
            389439.45,
            5812174.800000001
          ],
          [
            389440.60000000003,
            5812173.550000001
          ],
          [
            389441.75,
            5812172.350000001
          ],
          [
            389442.9,
            5812171.100000001
          ],
          [
            389443.7,
            5812169.65
          ],
          [
            389444.55000000005,
            5812168.15
          ],
          [
            389445.4,
            5812166.7
          ],
          [
            389445.85000000003,
            5812165.300000001
          ],
          [
            389446.35000000003,
            5812163.9
          ],
          [
            389446.80000000005,
            5812162.5
          ],
          [
            389447.10000000003,
            5812160.550000001
          ],
          [
            389447.45,
            5812158.600000001
          ],
          [
            389447.80000000005,
            5812156.65
          ],
          [
            389448.15,
            5812154.7
          ],
          [
            389448.45,
            5812152.75
          ],
          [
            389448.80000000005,
            5812150.75
          ],
          [
            389449.15,
            5812148.800000001
          ],
          [
            389449.5,
            5812146.850000001
          ],
          [
            389449.80000000005,
            5812144.9
          ],
          [
            389450.15,
            5812142.95
          ],
          [
            389450.5,
            5812141.0
          ],
          [
            389450.80000000005,
            5812139.050000001
          ],
          [
            389451.15,
            5812137.100000001
          ],
          [
            389451.5,
            5812135.100000001
          ],
          [
            389451.85000000003,
            5812133.15
          ],
          [
            389452.15,
            5812131.2
          ],
          [
            389452.5,
            5812129.25
          ],
          [
            389452.85000000003,
            5812127.300000001
          ],
          [
            389453.2,
            5812125.350000001
          ],
          [
            389453.5,
            5812123.4
          ],
          [
            389453.85000000003,
            5812121.45
          ],
          [
            389454.2,
            5812119.5
          ],
          [
            389454.55000000005,
            5812117.5
          ],
          [
            389454.85000000003,
            5812115.550000001
          ],
          [
            389455.2,
            5812113.600000001
          ],
          [
            389455.55000000005,
            5812111.65
          ],
          [
            389455.9,
            5812109.7
          ],
          [
            389456.2,
            5812107.75
          ],
          [
            389456.55000000005,
            5812105.800000001
          ],
          [
            389456.9,
            5812103.850000001
          ],
          [
            389457.2,
            5812101.850000001
          ],
          [
            389457.55000000005,
            5812099.9
          ],
          [
            389457.9,
            5812097.95
          ],
          [
            389458.25,
            5812096.0
          ],
          [
            389458.55000000005,
            5812094.050000001
          ],
          [
            389458.9,
            5812092.100000001
          ],
          [
            389459.25,
            5812090.15
          ],
          [
            389459.60000000003,
            5812088.2
          ],
          [
            389459.9,
            5812086.2
          ],
          [
            389460.25,
            5812084.25
          ],
          [
            389460.60000000003,
            5812082.300000001
          ],
          [
            389460.95,
            5812080.350000001
          ],
          [
            389461.25,
            5812078.4
          ],
          [
            389461.60000000003,
            5812076.45
          ],
          [
            389461.85000000003,
            5812074.9
          ],
          [
            389463.10000000003,
            5812073.350000001
          ],
          [
            389465.10000000003,
            5812073.75
          ],
          [
            389467.0,
            5812074.100000001
          ],
          [
            389468.95,
            5812074.45
          ],
          [
            389470.9,
            5812074.800000001
          ],
          [
            389472.85000000003,
            5812075.2
          ],
          [
            389474.80000000005,
            5812075.550000001
          ],
          [
            389476.75,
            5812075.9
          ],
          [
            389478.7,
            5812076.25
          ],
          [
            389480.65,
            5812076.65
          ],
          [
            389482.60000000003,
            5812077.0
          ],
          [
            389484.80000000005,
            5812077.15
          ],
          [
            389485.10000000003,
            5812075.25
          ],
          [
            389485.45,
            5812073.350000001
          ],
          [
            389487.60000000003,
            5812071.850000001
          ],
          [
            389489.55000000005,
            5812072.2
          ],
          [
            389491.45,
            5812072.550000001
          ],
          [
            389493.4,
            5812072.9
          ],
          [
            389495.35000000003,
            5812073.300000001
          ],
          [
            389497.30000000005,
            5812073.65
          ],
          [
            389499.25,
            5812074.0
          ],
          [
            389501.2,
            5812074.350000001
          ],
          [
            389503.15,
            5812074.75
          ],
          [
            389505.10000000003,
            5812075.100000001
          ],
          [
            389507.05000000005,
            5812075.45
          ],
          [
            389509.0,
            5812075.850000001
          ],
          [
            389510.95,
            5812076.2
          ],
          [
            389512.9,
            5812076.550000001
          ],
          [
            389514.85000000003,
            5812076.9
          ],
          [
            389516.80000000005,
            5812077.300000001
          ],
          [
            389518.75,
            5812077.65
          ],
          [
            389520.7,
            5812078.0
          ],
          [
            389522.65,
            5812078.350000001
          ],
          [
            389524.55000000005,
            5812078.75
          ],
          [
            389526.5,
            5812079.100000001
          ],
          [
            389528.45,
            5812079.45
          ],
          [
            389530.4,
            5812079.850000001
          ],
          [
            389531.5,
            5812077.350000001
          ],
          [
            389531.75,
            5812075.45
          ],
          [
            389532.0,
            5812073.5
          ],
          [
            389532.25,
            5812071.550000001
          ],
          [
            389532.5,
            5812069.600000001
          ],
          [
            389532.75,
            5812067.65
          ],
          [
            389533.0,
            5812065.7
          ],
          [
            389533.25,
            5812063.800000001
          ],
          [
            389533.5,
            5812061.850000001
          ],
          [
            389533.7,
            5812059.9
          ],
          [
            389533.95,
            5812057.95
          ],
          [
            389534.2,
            5812056.0
          ],
          [
            389534.45,
            5812054.050000001
          ],
          [
            389534.7,
            5812052.15
          ],
          [
            389534.95,
            5812050.2
          ],
          [
            389535.2,
            5812048.25
          ],
          [
            389535.45,
            5812046.300000001
          ],
          [
            389535.7,
            5812044.350000001
          ],
          [
            389535.95,
            5812042.4
          ],
          [
            389536.2,
            5812040.5
          ],
          [
            389536.45,
            5812038.550000001
          ],
          [
            389536.65,
            5812036.600000001
          ],
          [
            389536.9,
            5812034.65
          ],
          [
            389537.15,
            5812032.7
          ],
          [
            389537.4,
            5812030.75
          ],
          [
            389537.65,
            5812028.850000001
          ],
          [
            389537.9,
            5812026.9
          ],
          [
            389538.15,
            5812024.95
          ],
          [
            389538.4,
            5812023.0
          ],
          [
            389538.65,
            5812021.050000001
          ],
          [
            389538.9,
            5812019.15
          ],
          [
            389539.15,
            5812017.2
          ],
          [
            389539.4,
            5812015.25
          ],
          [
            389539.60000000003,
            5812013.300000001
          ],
          [
            389539.85000000003,
            5812011.350000001
          ],
          [
            389540.10000000003,
            5812009.4
          ],
          [
            389540.35000000003,
            5812007.5
          ],
          [
            389540.60000000003,
            5812005.550000001
          ],
          [
            389540.85000000003,
            5812003.600000001
          ],
          [
            389541.10000000003,
            5812001.65
          ],
          [
            389541.35000000003,
            5811999.7
          ],
          [
            389541.60000000003,
            5811997.75
          ],
          [
            389541.80000000005,
            5811996.2
          ],
          [
            389542.0,
            5811994.65
          ],
          [
            389542.2,
            5811993.100000001
          ],
          [
            389542.4,
            5811991.5
          ],
          [
            389542.45,
            5811990.15
          ],
          [
            389542.60000000003,
            5811988.550000001
          ],
          [
            389542.7,
            5811987.0
          ],
          [
            389542.80000000005,
            5811985.45
          ],
          [
            389542.95,
            5811983.45
          ],
          [
            389543.05000000005,
            5811981.5
          ],
          [
            389543.2,
            5811979.5
          ],
          [
            389543.35000000003,
            5811977.5
          ],
          [
            389543.5,
            5811975.550000001
          ],
          [
            389543.60000000003,
            5811973.550000001
          ],
          [
            389543.75,
            5811971.550000001
          ],
          [
            389543.9,
            5811969.600000001
          ],
          [
            389544.0,
            5811967.600000001
          ],
          [
            389544.15,
            5811965.600000001
          ],
          [
            389544.30000000005,
            5811963.65
          ],
          [
            389544.45,
            5811961.65
          ],
          [
            389544.55000000005,
            5811959.7
          ],
          [
            389544.7,
            5811957.7
          ],
          [
            389544.85000000003,
            5811955.7
          ],
          [
            389544.95,
            5811953.75
          ],
          [
            389545.10000000003,
            5811951.75
          ],
          [
            389545.25,
            5811949.75
          ],
          [
            389545.4,
            5811947.800000001
          ],
          [
            389545.5,
            5811945.800000001
          ],
          [
            389545.65,
            5811943.800000001
          ],
          [
            389545.80000000005,
            5811941.850000001
          ],
          [
            389545.9,
            5811939.850000001
          ],
          [
            389546.05000000005,
            5811937.9
          ],
          [
            389546.2,
            5811935.9
          ],
          [
            389546.35000000003,
            5811933.9
          ],
          [
            389546.45,
            5811931.95
          ],
          [
            389546.60000000003,
            5811929.95
          ],
          [
            389546.75,
            5811927.95
          ],
          [
            389546.9,
            5811926.0
          ],
          [
            389547.0,
            5811924.0
          ],
          [
            389547.15,
            5811922.0
          ],
          [
            389547.30000000005,
            5811920.050000001
          ],
          [
            389547.4,
            5811918.050000001
          ],
          [
            389547.55000000005,
            5811916.5
          ],
          [
            389548.75,
            5811914.95
          ],
          [
            389550.65,
            5811915.050000001
          ],
          [
            389553.60000000003,
            5811915.350000001
          ],
          [
            389555.65,
            5811915.4
          ],
          [
            389557.65,
            5811915.550000001
          ],
          [
            389559.65,
            5811915.7
          ],
          [
            389561.65,
            5811915.850000001
          ],
          [
            389563.65,
            5811915.95
          ],
          [
            389565.60000000003,
            5811916.100000001
          ],
          [
            389567.60000000003,
            5811916.25
          ],
          [
            389569.60000000003,
            5811916.4
          ],
          [
            389571.60000000003,
            5811916.5
          ],
          [
            389573.60000000003,
            5811916.65
          ],
          [
            389575.60000000003,
            5811916.800000001
          ],
          [
            389577.60000000003,
            5811916.95
          ],
          [
            389579.55000000005,
            5811917.100000001
          ],
          [
            389581.55000000005,
            5811917.2
          ],
          [
            389583.55000000005,
            5811917.350000001
          ],
          [
            389585.55000000005,
            5811917.5
          ],
          [
            389587.55000000005,
            5811917.65
          ],
          [
            389589.55000000005,
            5811917.75
          ],
          [
            389591.55000000005,
            5811917.9
          ],
          [
            389593.5,
            5811918.050000001
          ],
          [
            389595.5,
            5811918.2
          ],
          [
            389597.5,
            5811918.300000001
          ],
          [
            389599.5,
            5811918.45
          ],
          [
            389601.5,
            5811918.600000001
          ],
          [
            389603.5,
            5811918.75
          ],
          [
            389605.5,
            5811918.9
          ],
          [
            389607.45,
            5811919.0
          ],
          [
            389609.45,
            5811919.15
          ],
          [
            389611.45,
            5811919.300000001
          ],
          [
            389613.45,
            5811919.45
          ],
          [
            389615.45,
            5811919.550000001
          ],
          [
            389617.45,
            5811919.7
          ],
          [
            389619.4,
            5811919.850000001
          ],
          [
            389621.4,
            5811920.0
          ],
          [
            389623.4,
            5811920.100000001
          ],
          [
            389625.4,
            5811920.25
          ],
          [
            389627.4,
            5811920.4
          ],
          [
            389629.4,
            5811920.550000001
          ],
          [
            389631.4,
            5811920.7
          ],
          [
            389633.35000000003,
            5811920.800000001
          ],
          [
            389635.35000000003,
            5811920.95
          ],
          [
            389637.35000000003,
            5811921.100000001
          ],
          [
            389639.35000000003,
            5811921.25
          ],
          [
            389641.35000000003,
            5811921.350000001
          ],
          [
            389643.35000000003,
            5811921.5
          ],
          [
            389645.35000000003,
            5811921.65
          ],
          [
            389647.30000000005,
            5811921.800000001
          ],
          [
            389649.30000000005,
            5811921.9
          ],
          [
            389651.30000000005,
            5811922.050000001
          ],
          [
            389653.30000000005,
            5811922.2
          ],
          [
            389655.30000000005,
            5811922.350000001
          ],
          [
            389657.30000000005,
            5811922.5
          ],
          [
            389659.30000000005,
            5811922.600000001
          ],
          [
            389661.25,
            5811922.75
          ],
          [
            389663.25,
            5811922.9
          ],
          [
            389665.25,
            5811923.050000001
          ],
          [
            389667.25,
            5811923.15
          ],
          [
            389669.25,
            5811923.300000001
          ],
          [
            389671.25,
            5811923.45
          ],
          [
            389673.25,
            5811923.600000001
          ],
          [
            389675.2,
            5811923.7
          ],
          [
            389677.2,
            5811923.850000001
          ],
          [
            389676.813297047,
            5811923.832526155
          ],
          [
            389676.466680672,
            5811928.820496266
          ],
          [
            389676.466680672,
            5811928.820496266
          ],
          [
            389676.813297047,
            5811923.832526155
          ]
        ]
      },
      "properties": {
        "SRC_ID": "BF_DUCT_008",
        "STAGE": "brownfield",
        "ASSET_TYPE": "duct",
        "INFRA_STATUS": "Existing",
        "VERIFY_STATUS": "Assumed",
        "CAPACITY_USED": 2,
        "CAPACITY_TOTAL": 2,
        "POLYGON_ID": "POLY00025",
        "PDP_ID": "PDP00025",
        "REUSE_SOURCE": "",
        "MATERIAL": "HDPE",
        "DIAMETER_MM": 40
      }
    },
    {
      "type": "Feature",
      "geometry": {
        "type": "LineString",
        "coordinates": [
          [
            389431.24287634034,
            5812174.393726567
          ],
          [
            389433.95,
            5812178.600000001
          ],
          [
            389435.4,
            5812177.9
          ],
          [
            389436.75,
            5812176.850000001
          ],
          [
            389438.10000000003,
            5812175.800000001
          ],
          [
            389439.45,
            5812174.800000001
          ],
          [
            389440.60000000003,
            5812173.550000001
          ],
          [
            389441.75,
            5812172.350000001
          ],
          [
            389442.9,
            5812171.100000001
          ],
          [
            389443.7,
            5812169.65
          ],
          [
            389444.55000000005,
            5812168.15
          ],
          [
            389445.4,
            5812166.7
          ],
          [
            389445.85000000003,
            5812165.300000001
          ],
          [
            389446.35000000003,
            5812163.9
          ],
          [
            389446.80000000005,
            5812162.5
          ],
          [
            389447.10000000003,
            5812160.550000001
          ],
          [
            389447.45,
            5812158.600000001
          ],
          [
            389447.80000000005,
            5812156.65
          ],
          [
            389448.15,
            5812154.7
          ],
          [
            389448.45,
            5812152.75
          ],
          [
            389448.80000000005,
            5812150.75
          ],
          [
            389449.15,
            5812148.800000001
          ],
          [
            389449.5,
            5812146.850000001
          ],
          [
            389449.80000000005,
            5812144.9
          ],
          [
            389450.15,
            5812142.95
          ],
          [
            389450.5,
            5812141.0
          ],
          [
            389450.80000000005,
            5812139.050000001
          ],
          [
            389451.15,
            5812137.100000001
          ],
          [
            389451.5,
            5812135.100000001
          ],
          [
            389451.85000000003,
            5812133.15
          ],
          [
            389452.15,
            5812131.2
          ],
          [
            389452.5,
            5812129.25
          ],
          [
            389452.85000000003,
            5812127.300000001
          ],
          [
            389453.2,
            5812125.350000001
          ],
          [
            389453.5,
            5812123.4
          ],
          [
            389453.85000000003,
            5812121.45
          ],
          [
            389454.2,
            5812119.5
          ],
          [
            389454.55000000005,
            5812117.5
          ],
          [
            389454.85000000003,
            5812115.550000001
          ],
          [
            389455.2,
            5812113.600000001
          ],
          [
            389455.55000000005,
            5812111.65
          ],
          [
            389455.9,
            5812109.7
          ],
          [
            389456.2,
            5812107.75
          ],
          [
            389456.55000000005,
            5812105.800000001
          ],
          [
            389456.9,
            5812103.850000001
          ],
          [
            389457.2,
            5812101.850000001
          ],
          [
            389457.55000000005,
            5812099.9
          ],
          [
            389457.9,
            5812097.95
          ],
          [
            389458.25,
            5812096.0
          ],
          [
            389458.55000000005,
            5812094.050000001
          ],
          [
            389458.9,
            5812092.100000001
          ],
          [
            389459.25,
            5812090.15
          ],
          [
            389459.60000000003,
            5812088.2
          ],
          [
            389459.9,
            5812086.2
          ],
          [
            389460.25,
            5812084.25
          ],
          [
            389460.60000000003,
            5812082.300000001
          ],
          [
            389460.95,
            5812080.350000001
          ],
          [
            389461.25,
            5812078.4
          ],
          [
            389461.60000000003,
            5812076.45
          ],
          [
            389461.85000000003,
            5812074.9
          ],
          [
            389463.10000000003,
            5812073.350000001
          ],
          [
            389465.10000000003,
            5812073.75
          ],
          [
            389467.0,
            5812074.100000001
          ],
          [
            389468.95,
            5812074.45
          ],
          [
            389470.9,
            5812074.800000001
          ],
          [
            389472.85000000003,
            5812075.2
          ],
          [
            389474.80000000005,
            5812075.550000001
          ],
          [
            389476.75,
            5812075.9
          ],
          [
            389478.7,
            5812076.25
          ],
          [
            389480.65,
            5812076.65
          ],
          [
            389482.60000000003,
            5812077.0
          ],
          [
            389484.80000000005,
            5812077.15
          ],
          [
            389485.10000000003,
            5812075.25
          ],
          [
            389485.45,
            5812073.350000001
          ],
          [
            389487.60000000003,
            5812071.850000001
          ],
          [
            389489.55000000005,
            5812072.2
          ],
          [
            389491.45,
            5812072.550000001
          ],
          [
            389493.4,
            5812072.9
          ],
          [
            389495.35000000003,
            5812073.300000001
          ],
          [
            389497.30000000005,
            5812073.65
          ],
          [
            389499.25,
            5812074.0
          ],
          [
            389501.2,
            5812074.350000001
          ],
          [
            389503.15,
            5812074.75
          ],
          [
            389505.10000000003,
            5812075.100000001
          ],
          [
            389507.05000000005,
            5812075.45
          ],
          [
            389509.0,
            5812075.850000001
          ],
          [
            389510.95,
            5812076.2
          ],
          [
            389512.9,
            5812076.550000001
          ],
          [
            389514.85000000003,
            5812076.9
          ],
          [
            389516.80000000005,
            5812077.300000001
          ],
          [
            389518.75,
            5812077.65
          ],
          [
            389520.7,
            5812078.0
          ],
          [
            389522.65,
            5812078.350000001
          ],
          [
            389524.55000000005,
            5812078.75
          ],
          [
            389526.5,
            5812079.100000001
          ],
          [
            389528.45,
            5812079.45
          ],
          [
            389530.4,
            5812079.850000001
          ],
          [
            389532.35000000003,
            5812080.2
          ],
          [
            389534.30000000005,
            5812080.550000001
          ],
          [
            389537.2,
            5812080.050000001
          ],
          [
            389537.45,
            5812078.100000001
          ],
          [
            389537.7,
            5812076.2
          ],
          [
            389537.95,
            5812074.25
          ],
          [
            389538.2,
            5812072.300000001
          ],
          [
            389538.45,
            5812070.350000001
          ],
          [
            389538.7,
            5812068.4
          ],
          [
            389538.95,
            5812066.45
          ],
          [
            389539.2,
            5812064.550000001
          ],
          [
            389539.45,
            5812062.600000001
          ],
          [
            389539.7,
            5812060.65
          ],
          [
            389539.9,
            5812058.7
          ],
          [
            389540.15,
            5812056.75
          ],
          [
            389540.4,
            5812054.850000001
          ],
          [
            389540.65,
            5812052.9
          ],
          [
            389540.9,
            5812050.95
          ],
          [
            389541.15,
            5812049.0
          ],
          [
            389541.4,
            5812047.050000001
          ],
          [
            389541.65,
            5812045.100000001
          ],
          [
            389541.9,
            5812043.2
          ],
          [
            389542.15,
            5812041.25
          ],
          [
            389542.4,
            5812039.300000001
          ],
          [
            389542.65,
            5812037.350000001
          ],
          [
            389542.85000000003,
            5812035.4
          ],
          [
            389543.10000000003,
            5812033.45
          ],
          [
            389543.35000000003,
            5812031.550000001
          ],
          [
            389543.60000000003,
            5812029.600000001
          ],
          [
            389543.85000000003,
            5812027.65
          ],
          [
            389544.10000000003,
            5812025.7
          ],
          [
            389544.35000000003,
            5812023.75
          ],
          [
            389544.60000000003,
            5812021.800000001
          ],
          [
            389544.85000000003,
            5812019.9
          ],
          [
            389545.10000000003,
            5812017.95
          ],
          [
            389545.35000000003,
            5812016.0
          ],
          [
            389545.60000000003,
            5812014.050000001
          ],
          [
            389545.80000000005,
            5812012.100000001
          ],
          [
            389546.05000000005,
            5812010.15
          ],
          [
            389546.30000000005,
            5812008.25
          ],
          [
            389546.55000000005,
            5812006.300000001
          ],
          [
            389546.80000000005,
            5812004.350000001
          ],
          [
            389547.05000000005,
            5812002.4
          ],
          [
            389547.30000000005,
            5812000.45
          ],
          [
            389547.55000000005,
            5811998.5
          ],
          [
            389547.75,
            5811996.95
          ],
          [
            389548.7,
            5811995.25
          ],
          [
            389550.55000000005,
            5811995.4
          ],
          [
            389552.5,
            5811995.600000001
          ],
          [
            389554.45,
            5811995.800000001
          ],
          [
            389556.4,
            5811995.95
          ],
          [
            389558.35000000003,
            5811996.15
          ],
          [
            389560.30000000005,
            5811996.350000001
          ],
          [
            389562.25,
            5811996.550000001
          ],
          [
            389564.2,
            5811996.7
          ],
          [
            389565.15,
            5811994.75
          ],
          [
            389565.35000000003,
            5811992.850000001
          ],
          [
            389566.75,
            5811990.95
          ],
          [
            389568.7,
            5811991.15
          ],
          [
            389570.65,
            5811991.300000001
          ],
          [
            389572.60000000003,
            5811991.5
          ],
          [
            389574.55000000005,
            5811991.7
          ],
          [
            389576.5,
            5811991.9
          ],
          [
            389578.45,
            5811992.050000001
          ],
          [
            389580.45,
            5811992.25
          ],
          [
            389582.4,
            5811992.45
          ],
          [
            389584.35000000003,
            5811992.65
          ],
          [
            389586.30000000005,
            5811992.800000001
          ],
          [
            389588.25,
            5811993.0
          ],
          [
            389590.2,
            5811993.2
          ],
          [
            389592.05000000005,
            5811993.350000001
          ],
          [
            389593.9,
            5811993.550000001
          ],
          [
            389595.75,
            5811993.75
          ],
          [
            389597.55000000005,
            5811993.9
          ],
          [
            389599.4,
            5811994.100000001
          ],
          [
            389601.25,
            5811994.25
          ],
          [
            389603.15,
            5811994.45
          ],
          [
            389605.10000000003,
            5811994.65
          ],
          [
            389607.0,
            5811994.800000001
          ],
          [
            389608.9,
            5811995.0
          ],
          [
            389610.80000000005,
            5811995.2
          ],
          [
            389612.7,
            5811995.350000001
          ],
          [
            389614.60000000003,
            5811995.550000001
          ],
          [
            389616.55000000005,
            5811995.75
          ],
          [
            389618.45,
            5811995.9
          ],
          [
            389620.35000000003,
            5811996.100000001
          ],
          [
            389622.25,
            5811996.300000001
          ],
          [
            389624.15,
            5811996.45
          ],
          [
            389626.05000000005,
            5811996.65
          ],
          [
            389628.0,
            5811996.850000001
          ],
          [
            389629.9,
            5811997.0
          ],
          [
            389631.80000000005,
            5811997.2
          ],
          [
            389633.7,
            5811997.4
          ],
          [
            389635.60000000003,
            5811997.550000001
          ],
          [
            389637.5,
            5811997.75
          ],
          [
            389639.45,
            5811997.95
          ],
          [
            389641.35000000003,
            5811998.100000001
          ],
          [
            389643.30000000005,
            5811998.300000001
          ],
          [
            389645.30000000005,
            5811998.5
          ],
          [
            389647.25,
            5811998.7
          ],
          [
            389649.25,
            5811998.9
          ],
          [
            389651.25,
            5811999.050000001
          ],
          [
            389653.2,
            5811999.25
          ],
          [
            389655.2,
            5811999.45
          ],
          [
            389657.15,
            5811999.65
          ],
          [
            389659.15,
            5811999.850000001
          ],
          [
            389661.10000000003,
            5812000.050000001
          ],
          [
            389663.10000000003,
            5812000.2
          ],
          [
            389665.10000000003,
            5812000.4
          ],
          [
            389667.05000000005,
            5812000.600000001
          ],
          [
            389669.05000000005,
            5812000.800000001
          ],
          [
            389671.0,
            5812001.0
          ],
          [
            389673.0,
            5812001.15
          ],
          [
            389675.0,
            5812001.350000001
          ],
          [
            389676.95,
            5812001.550000001
          ],
          [
            389678.95,
            5812001.75
          ],
          [
            389680.9,
            5812001.95
          ],
          [
            389682.9,
            5812002.100000001
          ],
          [
            389684.85000000003,
            5812002.300000001
          ],
          [
            389686.85000000003,
            5812002.5
          ],
          [
            389688.85000000003,
            5812002.7
          ],
          [
            389690.80000000005,
            5812002.9
          ],
          [
            389692.80000000005,
            5812003.050000001
          ],
          [
            389694.75,
            5812003.25
          ],
          [
            389696.75,
            5812003.45
          ],
          [
            389698.75,
            5812003.65
          ],
          [
            389700.7,
            5812003.850000001
          ],
          [
            389702.7,
            5812004.0
          ],
          [
            389704.65,
            5812004.2
          ],
          [
            389706.65,
            5812004.4
          ],
          [
            389708.60000000003,
            5812004.600000001
          ],
          [
            389710.60000000003,
            5812004.800000001
          ],
          [
            389712.60000000003,
            5812005.0
          ],
          [
            389714.55000000005,
            5812005.15
          ],
          [
            389716.55000000005,
            5812005.350000001
          ],
          [
            389718.5,
            5812005.550000001
          ],
          [
            389720.5,
            5812005.75
          ],
          [
            389722.5,
            5812005.95
          ],
          [
            389724.45,
            5812006.100000001
          ],
          [
            389726.45,
            5812006.300000001
          ],
          [
            389728.4,
            5812006.5
          ],
          [
            389730.4,
            5812006.7
          ],
          [
            389732.35000000003,
            5812006.9
          ],
          [
            389734.35000000003,
            5812007.050000001
          ],
          [
            389736.35000000003,
            5812007.25
          ],
          [
            389738.30000000005,
            5812007.45
          ],
          [
            389740.30000000005,
            5812007.65
          ],
          [
            389742.25,
            5812007.850000001
          ],
          [
            389744.25,
            5812008.0
          ],
          [
            389746.25,
            5812008.2
          ],
          [
            389748.2,
            5812008.4
          ],
          [
            389750.2,
            5812008.600000001
          ],
          [
            389751.1093381687,
            5812008.68431961
          ],
          [
            389751.58827255643,
            5812003.707310282
          ],
          [
            389751.58827255643,
            5812003.707310282
          ],
          [
            389751.1093381687,
            5812008.68431961
          ]
        ]
      },
      "properties": {
        "SRC_ID": "BF_DUCT_009",
        "STAGE": "brownfield",
        "ASSET_TYPE": "duct",
        "INFRA_STATUS": "Existing",
        "VERIFY_STATUS": "Assumed",
        "CAPACITY_USED": 1,
        "CAPACITY_TOTAL": 2,
        "POLYGON_ID": "POLY00028",
        "PDP_ID": "PDP00028",
        "REUSE_SOURCE": "",
        "MATERIAL": "HDPE",
        "DIAMETER_MM": 40
      }
    },
    {
      "type": "Feature",
      "geometry": {
        "type": "LineString",
        "coordinates": [
          [
            389431.24287634034,
            5812174.393726567
          ],
          [
            389433.95,
            5812178.600000001
          ],
          [
            389435.4,
            5812177.9
          ],
          [
            389436.75,
            5812176.850000001
          ],
          [
            389438.10000000003,
            5812175.800000001
          ],
          [
            389439.45,
            5812174.800000001
          ],
          [
            389440.60000000003,
            5812173.550000001
          ],
          [
            389441.75,
            5812172.350000001
          ],
          [
            389442.9,
            5812171.100000001
          ],
          [
            389443.7,
            5812169.65
          ],
          [
            389444.55000000005,
            5812168.15
          ],
          [
            389445.4,
            5812166.7
          ],
          [
            389445.85000000003,
            5812165.300000001
          ],
          [
            389446.35000000003,
            5812163.9
          ],
          [
            389446.80000000005,
            5812162.5
          ],
          [
            389447.10000000003,
            5812160.550000001
          ],
          [
            389447.45,
            5812158.600000001
          ],
          [
            389447.80000000005,
            5812156.65
          ],
          [
            389448.15,
            5812154.7
          ],
          [
            389448.45,
            5812152.75
          ],
          [
            389448.80000000005,
            5812150.75
          ],
          [
            389449.15,
            5812148.800000001
          ],
          [
            389449.5,
            5812146.850000001
          ],
          [
            389449.80000000005,
            5812144.9
          ],
          [
            389450.15,
            5812142.95
          ],
          [
            389450.5,
            5812141.0
          ],
          [
            389450.80000000005,
            5812139.050000001
          ],
          [
            389451.15,
            5812137.100000001
          ],
          [
            389451.5,
            5812135.100000001
          ],
          [
            389451.85000000003,
            5812133.15
          ],
          [
            389452.15,
            5812131.2
          ],
          [
            389452.5,
            5812129.25
          ],
          [
            389452.85000000003,
            5812127.300000001
          ],
          [
            389453.2,
            5812125.350000001
          ],
          [
            389453.5,
            5812123.4
          ],
          [
            389453.85000000003,
            5812121.45
          ],
          [
            389454.2,
            5812119.5
          ],
          [
            389454.55000000005,
            5812117.5
          ],
          [
            389454.85000000003,
            5812115.550000001
          ],
          [
            389455.2,
            5812113.600000001
          ],
          [
            389455.55000000005,
            5812111.65
          ],
          [
            389455.9,
            5812109.7
          ],
          [
            389456.2,
            5812107.75
          ],
          [
            389456.55000000005,
            5812105.800000001
          ],
          [
            389456.9,
            5812103.850000001
          ],
          [
            389457.2,
            5812101.850000001
          ],
          [
            389457.55000000005,
            5812099.9
          ],
          [
            389457.9,
            5812097.95
          ],
          [
            389458.25,
            5812096.0
          ],
          [
            389458.55000000005,
            5812094.050000001
          ],
          [
            389458.9,
            5812092.100000001
          ],
          [
            389459.25,
            5812090.15
          ],
          [
            389459.60000000003,
            5812088.2
          ],
          [
            389459.9,
            5812086.2
          ],
          [
            389460.25,
            5812084.25
          ],
          [
            389460.60000000003,
            5812082.300000001
          ],
          [
            389460.95,
            5812080.350000001
          ],
          [
            389461.25,
            5812078.4
          ],
          [
            389461.60000000003,
            5812076.45
          ],
          [
            389461.85000000003,
            5812074.9
          ],
          [
            389463.10000000003,
            5812073.350000001
          ],
          [
            389465.10000000003,
            5812073.75
          ],
          [
            389467.0,
            5812074.100000001
          ],
          [
            389468.95,
            5812074.45
          ],
          [
            389470.9,
            5812074.800000001
          ],
          [
            389472.85000000003,
            5812075.2
          ],
          [
            389474.80000000005,
            5812075.550000001
          ],
          [
            389476.75,
            5812075.9
          ],
          [
            389478.7,
            5812076.25
          ],
          [
            389480.65,
            5812076.65
          ],
          [
            389482.60000000003,
            5812077.0
          ],
          [
            389484.55000000005,
            5812077.350000001
          ],
          [
            389483.8664431063,
            5812077.235152136
          ],
          [
            389482.94819254987,
            5812082.1501105195
          ],
          [
            389482.94819254987,
            5812082.1501105195
          ],
          [
            389483.8664431063,
            5812077.235152136
          ]
        ]
      },
      "properties": {
        "SRC_ID": "BF_DUCT_010",
        "STAGE": "brownfield",
        "ASSET_TYPE": "duct",
        "INFRA_STATUS": "Existing",
        "VERIFY_STATUS": "Verified",
        "CAPACITY_USED": 2,
        "CAPACITY_TOTAL": 2,
        "POLYGON_ID": "POLY00031",
        "PDP_ID": "PDP00031",
        "REUSE_SOURCE": "",
        "MATERIAL": "HDPE",
        "DIAMETER_MM": 63
      }
    }
  ]
}